ma_pkg,cap,gtin,item_tp,ten_sp,quy_cach,site,site_goc,tccs,thi_truong,ngay_dang_ky,trang_thai,ly_do,ghi_chu,id_nguon
BGNA01802,DON_VI,8936236474143,03NM00946,Nước mắm Phú Quốc_500ml/ chai thủy tinh,500ml/ chai thủy tinh,,PQP - Nhà máy Nam Ngư Phú Quốc - NPQ,001:2026/MPQ,Viet Nam,2026-08-26,DA_DUYET,,,3cf75df8-5226-41a9-880b-78f49b07f863
BGNA01803,DON_VI,8936236474143,03NM00946,Nước mắm Phú Quốc_500ml/ chai thủy tinh,500ml/ chai thủy tinh,,PQP - Nhà máy Nam Ngư Phú Quốc - NPQ,001:2026/MPQ,Viet Nam,2026-08-26,DA_DUYET,,,3cf75df8-5226-41a9-880b-78f49b07f863
BGTA00889,THUNG,18936236474157,03NM00947,Nước mắm truyền thống Phú Quốc_500ml/ chai thủy tinh,6 chai x 500ml/ thùng,,PQP - Nhà máy Nam Ngư Phú Quốc - NPQ,002:2026/MPQ,Viet Nam,2026-08-26,DA_DUYET,,,bbeb5be7-c472-4f3b-887d-4f47b8e0d247
BGTA00890,THUNG,18936236474140,03NM00946,Nước mắm Phú Quốc_500ml/ chai thủy tinh,15 chai x 500ml/ thùng,,PQP - Nhà máy Nam Ngư Phú Quốc - NPQ,001:2026/MPQ,Viet Nam,2026-08-26,DA_DUYET,,,3cf75df8-5226-41a9-880b-78f49b07f863
BTCH00049,DON_VI,8936236474150,03NM00947,Nước mắm truyền thống Phú Quốc_500ml/ chai thủy tinh,500ml/ chai thủy tinh,,PQP - Nhà máy Nam Ngư Phú Quốc - NPQ,002:2026/MPQ,Viet Nam,2026-08-26,DA_DUYET,,,bbeb5be7-c472-4f3b-887d-4f47b8e0d247
04MS02272,DON_VI,8936236472255,01PH00176,Chin-su Phở Story Phở bò gói_77g/ gói,77g/ gói,MBP,"MIP - CÔNG TY TNHH MTV CÔNG NGHIỆP MASAN, MBP - Nhà máy Masan Miền Bắc - MMB",43:2026/MS101,Viet Nam,2026-04-29,DA_DUYET,,,280d2105-66e6-4883-935e-4ba01a36ffb3
04MS02287,DON_VI,8936236472293,02OM00951,Mì khoai tây Omachi hương vị hải sản chua cay_80g/ gói,80g/ gói,MBP,"MIP - CÔNG TY TNHH MTV CÔNG NGHIỆP MASAN, MBP - Nhà máy Masan Miền Bắc - MMB",49:2026/MS101,Viet Nam,2026-05-05,DA_DUYET,,,dafea125-61b8-4e81-8823-999871566ad5
04MS02399,DON_VI,,01PH00177,CHIN-SU PHỞ STORY PHỞ BÒ - BẮP BÒ NGUYÊN MIẾNG_135 g/ gói,135g/ gói,MBP,MBP - Nhà máy Masan Miền Bắc - MMB,002:2026/MMB,Viet Nam,2026-08-11,CHO_DUYET,cùng mã PKG đăng ký nhiều barcode: 8936236473443 (2026-08-11) / 8936245890057 (2026-09-14),,aa0eaa11-6db2-473b-8b7b-805462eb3179
04MS02412,DON_VI,,02KK00320,Mì Kokomi 75 hương vị Bò Hầm Rau Thơm_75g/ gói (MMB),75g/ gói,MBP,MBP - Nhà máy Masan Miền Bắc - MMB,021:2026/MMB,Viet Nam,2026-09-07,CHO_DUYET,cùng mã PKG đăng ký nhiều barcode: 8936236474280 (2026-09-07) / 8936245890040 (2026-09-14),,285b3b9a-c4da-4d05-9081-c74d9b64f83b
04MS02414,DON_VI,,02KK00483,Mì Kokomi 75 hương vị Canh Chua Hải Sản,75 g x 30 gói,MBP,MBP - Nhà máy Masan Miền Bắc - MMB,022:2026/MMB,Viet Nam,2026-09-14,CHO_DUYET,cùng mã PKG đăng ký nhiều barcode: 8936236473832 (2026-08-21) / 8936245890033 (2026-09-14),,0aaba445-4c7e-4aa3-8326-7808819231aa
04MS02415,DON_VI,8936236473856,02KK00483,Mì Kokomi 75 hương vị Canh Chua Hải Sản_75g/ gói (MHD),75g/ gói,MBP,MBP - Nhà máy Masan Miền Bắc - MMB,004:2026/MHD,Viet Nam,2026-08-21,DA_DUYET,,,5cf26d85-1e00-495a-98cf-62b143fb3b5c
04MS02423,DON_VI,8936245890002,02OM00771,Mì khoai tây Omachi hương vị lẩu tôm càng,80g x 30 gói,MBP,MBP - Nhà máy Masan Miền Bắc - MMB,004:2026/MMB,Viet Nam,2026-09-14,DA_DUYET,,,94783bc7-3971-400a-a785-179477eb794a
04MS02429,DON_VI,8936245890019,02OM00338,Mì khoai tây Omachi sườn hầm ngũ quả,80 gr x 30 gói,MBP,MBP - Nhà máy Masan Miền Bắc - MMB,005:2026/MMB,Viet Nam,2026-09-14,DA_DUYET,,,c5f3b922-406c-4428-beba-026f577a2589
04MS02432,DON_VI,8936245890026,02OM00770,Mì khoai tây Omachi xốt bò hầm,81 gr x 30 gói,MBP,MBP - Nhà máy Masan Miền Bắc - MMB,003:2026/MMB,Viet Nam,2026-09-14,DA_DUYET,,,a2ebb9fc-69d9-44d0-ad9d-a421dd015f14
04MS02435,DON_VI,8936245890088,02OM00772,Mì khoai tây Omachi hương vị lẩu bắp bò riêu cua,80 gr x 30 gói,MBP,MBP - Nhà máy Masan Miền Bắc - MMB,006:2026/MMB,Viet Nam,2026-09-16,DA_DUYET,,,9ecda154-5996-43ea-98f6-4559edda8631
04MS02442,DON_VI,8936245890187,02OM00794,Mì khoai tây Omachi mì trộn hương vị thịt xiên nướng,90g x 30 gói,MBP,MBP - Nhà máy Masan Miền Bắc - MMB,001:2026/MMB,Viet Nam,2026-09-22,DA_DUYET,,,8208a590-efdc-4bff-9e7a-e961f6b65ed1
04MS02444,DON_VI,8936245890125,02OM00969,Mì khoai tây Omachi Special bò hầm xốt vang,93g x 30 gói,MBP,MBP - Nhà máy Masan Miền Bắc - MMB,016:2026/MMB,Viet Nam,2026-09-16,DA_DUYET,,,01ad2f2f-56b5-4d7c-9e99-88b05c5bc678
04MS02459,DON_VI,8936245890095,02KK00313,Mì Kokomi 65 tôm chua cay,65g x 30 gói,MBP,MBP - Nhà máy Masan Miền Bắc - MMB,020:2026/MMB,Viet Nam,2026-09-16,DA_DUYET,,gộp 2 dòng đăng ký,3cb4a715-d822-4678-8155-95c69b19b677
BGHO00290,DON_VI,8936236472750,02OM00857,MÌ KHOAI TÂY OMACHI MÌ LY XỐT BÒ HẦM_69g/ ly,69g/ ly,MBP,"MIP - CÔNG TY TNHH MTV CÔNG NGHIỆP MASAN, MBP - Nhà máy Masan Miền Bắc - MMB",64:2026/MS101,Viet Nam,2026-06-03,DA_DUYET,,,3c1d3d8e-8d48-4abe-9693-795ce3a6d1ea
BGHO00302,DON_VI,8936245890217,02OM00859,Mì khoai tây Omachi Mì ly hương vị tôm càng chua cay,67g x 24 ly,MBP,MBP - Nhà máy Masan Miền Bắc - MMB,008:2026/MMB,Viet Nam,2026-09-23,DA_DUYET,,,d5ac343f-c6e6-47b9-84ba-34900b2bf5b4
BGHO00307,DON_VI,8936245890224,02OM00862,Mì khoai tây Omachi Mì ly thịt hương vị tôm càng chua cay,112g x 24 ly,MBP,MBP - Nhà máy Masan Miền Bắc - MMB,014:2026/MMB,Viet Nam,2026-09-23,DA_DUYET,,,f03ee22f-883c-435c-b727-8820148c336e
BGHO00333,DON_VI,8936236472743,02OM00775,MÌ KHOAI TÂY OMACHI MÌ TÔ XỐT BÒ HẦM_93g/ tô,93g/ tô,MBP,"MIP - CÔNG TY TNHH MTV CÔNG NGHIỆP MASAN, MBP - Nhà máy Masan Miền Bắc - MMB",63:2026/MS101,Viet Nam,2026-06-03,DA_DUYET,,,0cd1f7dc-29f6-4fe7-9d91-639c8a84b2ac
BGHO00361,DON_VI,,01PH00189,CHIN-SU PHỞ STORY PHỞ BÒ - BẮP BÒ NGUYÊN MIẾNG_138 g/tô,138g x 12 tô,MBP,MBP - Nhà máy Masan Miền Bắc - MMB,02:2026/MMB,Viet Nam,2026-09-14,CHO_DUYET,cùng mã PKG đăng ký nhiều barcode: 8936236473450 (2026-08-11) / 8936245890064 (2026-09-14),,34a2a754-0cd0-49fc-b0fc-5d8136aacf80
BGHO00380,DON_VI,8936245890231,02OM00773,Mì Khoai tây Omachi mì tô hương vị tôm càng chua cay,92g x 18 tô,MBP,MBP - Nhà máy Masan Miền Bắc - MMB,011:2026/MMB,Viet Nam,2026-09-23,DA_DUYET,,,52115d8e-72cd-4bb6-86b4-8f66df91d3e0
BGHO00381,DON_VI,8936245890200,02OM00774,Mì khoai tây Omachi mì tô sườn hầm ngũ quả,96g x 18 tô,MBP,MBP - Nhà máy Masan Miền Bắc - MMB,012:2026/MMB,Viet Nam,2026-09-23,DA_DUYET,,,0e48af23-02bd-4fbc-9ac7-a10b828a5e6f
BGHO00382,DON_VI,8936245890156,02OM00775,MÌ KHOAI TÂY OMACHI MÌ TÔ XỐT BÒ HẦM (*),93g x 18 tô,MBP,MBP - Nhà máy Masan Miền Bắc - MMB,010:2026/MMB,Viet Nam,2026-09-18,DA_DUYET,,,9eb57e0a-ccdd-490e-a80f-bb29821dbd7a
BGHO00383,DON_VI,8936245890071,02OM00940,Mì khoai tây Omachi Mì Tô Trộn Cua Xốt Ớt,96 gr x 12 tô,MBP,MBP - Nhà máy Masan Miền Bắc - MMB,017:2026/MMB,Viet Nam,2026-09-14,DA_DUYET,,,20d05fb8-a163-4896-8fca-0e14d4008dba
BGHO00385,DON_VI,8936245890194,02OM00785,Mì khoai tây Omachi mì tô trộn hương vị thịt xiên nướng,104g x 12 tô,MBP,MBP - Nhà máy Masan Miền Bắc - MMB,024:2026/MMB,Viet Nam,2026-09-22,DA_DUYET,,,208211fa-bcc0-4129-bcc5-a17f9ad7075b
BGNA01825,DON_VI,8936236473085,03NM00936,Nước chấm Nam Ngư Siêu tiết kiệm Mới_800ml/ chai,800ml/ chai,MBP,"MBP - Nhà máy Masan Miền Bắc - MMB, MGP - Nhà máy Masan Hậu Giang - MHG",78:2026/MS102,Viet Nam,2026-06-16,DA_DUYET,,,4d204ff9-a3a8-432e-bd0b-8628ebeccd53
BGNA01905,DON_VI,8936236473498,03NM00787,Nước mắm Nam Ngư _500ml/ chai,500ml/ chai,MBP,MBP - Nhà máy Masan Miền Bắc - MMB,023:2026/MMB,Viet Nam,2026-08-17,DA_DUYET,,,4c2af2c3-8ea6-4569-8860-fdef0605f7fb
BGNA01906,DON_VI,8936236473498,03NM00787,Nước mắm Nam Ngư _500ml/ chai,500ml/ chai,MBP,MBP - Nhà máy Masan Miền Bắc - MMB,023:2026/MMB,Viet Nam,2026-08-17,DA_DUYET,,,4c2af2c3-8ea6-4569-8860-fdef0605f7fb
BGNA01917,DON_VI,8936236473528,03NM00788,Nước mắm Nam Ngư _750ml/ chai,750ml/ chai,MBP,MBP - Nhà máy Masan Miền Bắc - MMB,023:2026/MMB,Viet Nam,2026-08-17,DA_DUYET,,,7c9de7be-076f-4bfb-ab2f-9e8c6cdb5991
BGNA01918,DON_VI,8936236473528,03NM00788,Nước mắm Nam Ngư _750ml/ chai,750ml/ chai,MBP,MBP - Nhà máy Masan Miền Bắc - MMB,023:2026/MMB,Viet Nam,2026-08-17,DA_DUYET,,,7c9de7be-076f-4bfb-ab2f-9e8c6cdb5991
BGNA01921,DON_VI,8936236473542,03NM00791,Nước mắm Nam Ngư _900ml/ chai,900ml/ chai,MBP,MBP - Nhà máy Masan Miền Bắc - MMB,023:2026/MMB,Viet Nam,2026-08-17,DA_DUYET,,,325210b1-2e15-4ebf-a2d9-7c98adbf9297
BGNA01922,DON_VI,8936236473542,03NM00791,Nước mắm Nam Ngư _900ml/ chai,900ml/ chai,MBP,MBP - Nhà máy Masan Miền Bắc - MMB,023:2026/MMB,Viet Nam,2026-08-17,DA_DUYET,,,325210b1-2e15-4ebf-a2d9-7c98adbf9297
BGNA01924,DON_VI,8936236474051,03NM00936,NƯỚC CHẤM NAM NGƯ SIÊU TIẾT KIỆM_800ml/ chai (MMB),800ml/ chai,MBP,MBP - Nhà máy Masan Miền Bắc - MMB,025:2026/MMB,Viet Nam,2026-08-24,DA_DUYET,,,469f5994-8a46-4a35-ab36-53f10484d647
BGNA01933,DON_VI,8936236473887,03NM00789,NƯỚC CHẤM NAM NGƯ ĐỆ NHỊ _800ml/ chai (MMB),800ml/ chai,MBP,MBP - Nhà máy Masan Miền Bắc - MMB,026:2026/MMB,Viet Nam,2026-08-22,DA_DUYET,,,1811e1e4-2a6d-4138-b0cb-9b3caa99636e
BGNA01934,DON_VI,8936236473887,03NM00789,NƯỚC CHẤM NAM NGƯ ĐỆ NHỊ _800ml/ chai (MMB),800ml/ chai,MBP,MBP - Nhà máy Masan Miền Bắc - MMB,026:2026/MMB,Viet Nam,2026-08-22,DA_DUYET,,,1811e1e4-2a6d-4138-b0cb-9b3caa99636e
BGTA00947,THUNG,,03NM00974,Thùng NƯỚC CHẤM NAM NGƯ ĐỆ NHỊ 18 chai x 800ml Tặng 1 chai Tương ớt Chinsu mới MN 250g (TCCS: 03:2020/MS102),800ml x 18 chai + 1 chai 250g/ thùng,MBP,"MBP - Nhà máy Masan Miền Bắc - MMB, MGP - Nhà máy Masan Hậu Giang - MHG",41:2019/MS102,Viet Nam,2026-06-22,CHO_DUYET,thiếu barcode,,f47e19d6-a6ed-4e59-aea7-e2e4160abaff
BGTA00948,THUNG,,03NM00975,Thùng NƯỚC CHẤM NAM NGƯ ĐỆ NHỊ 18 chai x 800ml Tặng 1 chai Tương ớt Chinsu mới MB 250g (TCCS: 04:2020/MS102),800ml x 18 chai + 1 chai 250g/ thùng,MBP,"MBP - Nhà máy Masan Miền Bắc - MMB, MGP - Nhà máy Masan Hậu Giang - MHG",41:2019/MS102,Viet Nam,2026-06-22,CHO_DUYET,thiếu barcode,,1247d9e2-5050-4de4-b4b7-0eb306bf47a8
BGTA00956,THUNG,18936236473495,03NM00787,Nước mắm Nam Ngư _500ml/ chai,3block x 8chai x 500ml/ thùng,MBP,MBP - Nhà máy Masan Miền Bắc - MMB,023:2026/MMB,Viet Nam,2026-08-17,DA_DUYET,,,4c2af2c3-8ea6-4569-8860-fdef0605f7fb
BGTA00962,THUNG,18936236473525,03NM00788,Nước mắm Nam Ngư _750ml/ chai,3block x 6chai x 750ml/ thùng,MBP,MBP - Nhà máy Masan Miền Bắc - MMB,023:2026/MMB,Viet Nam,2026-08-17,DA_DUYET,,,7c9de7be-076f-4bfb-ab2f-9e8c6cdb5991
BGTA00964,THUNG,18936236473549,03NM00791,Nước mắm Nam Ngư _900ml/ chai,15chai x 900ml/ thùng,MBP,MBP - Nhà máy Masan Miền Bắc - MMB,023:2026/MMB,Viet Nam,2026-08-17,DA_DUYET,,,325210b1-2e15-4ebf-a2d9-7c98adbf9297
BGTA00966,THUNG,18936236474058,03NM00936,NƯỚC CHẤM NAM NGƯ SIÊU TIẾT KIỆM_800ml/ chai (MMB),18 chai x 800ml/ thùng,MBP,MBP - Nhà máy Masan Miền Bắc - MMB,025:2026/MMB,Viet Nam,2026-08-24,DA_DUYET,,,469f5994-8a46-4a35-ab36-53f10484d647
BGTA00971,THUNG,18936236473884,03NM00789,NƯỚC CHẤM NAM NGƯ ĐỆ NHỊ _800ml/ chai (MMB),18 chai x 800ml/ thùng,MBP,MBP - Nhà máy Masan Miền Bắc - MMB,026:2026/MMB,Viet Nam,2026-08-22,DA_DUYET,,,1811e1e4-2a6d-4138-b0cb-9b3caa99636e
BGTM01844,THUNG,,02KK00845,Thùng Mì Kokomi Tôm Chua Cay_30 gói x 65g Tặng 3 lon Thực phẩm bổ sung - Nước tăng lực Wake-Up 247 Guarana (TCCS: 04:2025/BH103),30 gói x 65g + 3 lon/ thùng,MBP,"MIP - CÔNG TY TNHH MTV CÔNG NGHIỆP MASAN, MBP - Nhà máy Masan Miền Bắc - MMB, MHP - Nhà máy Masan Hải Dương - MHD, MGP - Nhà máy Masan Hậu Giang - MHG",47:2025/MS101,Viet Nam,2026-06-20,CHO_DUYET,thiếu barcode,,d2233254-9b3e-49f0-abb7-7ae7b90c6225
BGTM01937,THUNG,,02KK00320,Mì Kokomi 75 hương vị Bò Hầm Rau Thơm_75g/ gói (MMB),30 gói x 75g/ thùng,MBP,MBP - Nhà máy Masan Miền Bắc - MMB,021:2026/MMB,Viet Nam,2026-09-07,CHO_DUYET,cùng mã PKG đăng ký nhiều barcode: 18936236474287 (2026-09-07) / 18936245890047 (2026-09-14),,285b3b9a-c4da-4d05-9081-c74d9b64f83b
BGTM01940,THUNG,,02KK00483,Mì Kokomi 75 hương vị Canh Chua Hải Sản,75 g x 30 gói/thùng,MBP,MBP - Nhà máy Masan Miền Bắc - MMB,022:2026/MMB,Viet Nam,2026-09-14,CHO_DUYET,cùng mã PKG đăng ký nhiều barcode: 18936236473839 (2026-08-21) / 18936245890030 (2026-09-14),,0aaba445-4c7e-4aa3-8326-7808819231aa
BGTM01941,THUNG,18936236473853,02KK00483,Mì Kokomi 75 hương vị Canh Chua Hải Sản_75g/ gói (MHD),30 gói x 75g/ thùng,MBP,MBP - Nhà máy Masan Miền Bắc - MMB,004:2026/MHD,Viet Nam,2026-08-21,DA_DUYET,,,5cf26d85-1e00-495a-98cf-62b143fb3b5c
BGTM01943,THUNG,18936245890115,02KK00321,Mì Kokomi ly Tôm chua cay 65,65g x 24 ly/ thùng,MBP,MBP - Nhà máy Masan Miền Bắc - MMB,018:2026/MMB,Viet Nam,2026-09-16,DA_DUYET,,,343d96c2-3c4e-494a-8eae-aaa92b6644fe
BGTM01945,THUNG,18936245890108,02KK00369,Mì Kokomi ly 90 Tôm chua cay (có cây thịt),90g x 24 ly/ thùng,MBP,MBP - Nhà máy Masan Miền Bắc - MMB,019:2026/MMB,Viet Nam,2026-09-16,DA_DUYET,,,9602194d-da40-457f-b3d3-f2a03c8e52f3
BGTM01949,THUNG,18936245890009,02OM00771,Mì khoai tây Omachi hương vị lẩu tôm càng,80gr x 30 gói/thùng,MBP,MBP - Nhà máy Masan Miền Bắc - MMB,004:2026/MMB,Viet Nam,2026-09-14,DA_DUYET,,,94783bc7-3971-400a-a785-179477eb794a
BGTM01955,THUNG,18936245890016,02OM00338,Mì khoai tây Omachi sườn hầm ngũ quả,80 gr x 30 gói/thùng,MBP,MBP - Nhà máy Masan Miền Bắc - MMB,005:2026/MMB,Viet Nam,2026-09-14,DA_DUYET,,,c5f3b922-406c-4428-beba-026f577a2589
BGTM01958,THUNG,18936245890023,02OM00770,Mì khoai tây Omachi xốt bò hầm,81 gr x 30 gói/thùng,MBP,MBP - Nhà máy Masan Miền Bắc - MMB,003:2026/MMB,Viet Nam,2026-09-14,DA_DUYET,,,a2ebb9fc-69d9-44d0-ad9d-a421dd015f14
BGTM01961,THUNG,18936245890085,02OM00772,Mì khoai tây Omachi hương vị lẩu bắp bò riêu cua,80gr x 30 gói/thùng,MBP,MBP - Nhà máy Masan Miền Bắc - MMB,006:2026/MMB,Viet Nam,2026-09-16,DA_DUYET,,,9ecda154-5996-43ea-98f6-4559edda8631
BGTM01968,THUNG,18936245890184,02OM00794,Mì khoai tây Omachi mì trộn hương vị thịt xiên nướng,90g x 30 gói/thùng,MBP,MBP - Nhà máy Masan Miền Bắc - MMB,001:2026/MMB,Viet Nam,2026-09-22,DA_DUYET,,,8208a590-efdc-4bff-9e7a-e961f6b65ed1
BGTM01970,THUNG,18936245890122,02OM00969,Mì khoai tây Omachi Special bò hầm xốt vang,93g x 30 gói/thùng,MBP,MBP - Nhà máy Masan Miền Bắc - MMB,016:2026/MMB,Viet Nam,2026-09-16,DA_DUYET,,,01ad2f2f-56b5-4d7c-9e99-88b05c5bc678
BGTM01983,THUNG,18936245890214,02OM00859,Mì khoai tây Omachi Mì ly hương vị tôm càng chua cay,67g x 24 ly/thùng,MBP,MBP - Nhà máy Masan Miền Bắc - MMB,008:2026/MMB,Viet Nam,2026-09-23,DA_DUYET,,,d5ac343f-c6e6-47b9-84ba-34900b2bf5b4
BGTM01984,THUNG,18936245890238,02OM00773,Mì Khoai tây Omachi mì tô hương vị tôm càng chua cay,92g x 18 tô/thùng,MBP,MBP - Nhà máy Masan Miền Bắc - MMB,011:2026/MMB,Viet Nam,2026-09-23,DA_DUYET,,,52115d8e-72cd-4bb6-86b4-8f66df91d3e0
BGTM01985,THUNG,18936245890160,02OM00858,Mì khoai tây Omachi mì ly sườn hầm ngũ quả,70g x 24 ly/thùng,MBP,MBP - Nhà máy Masan Miền Bắc - MMB,009:2026/MMB,Viet Nam,2026-09-18,DA_DUYET,,,a7438b4b-f69c-4e49-9a0d-aba676956f74
BGTM01986,THUNG,18936245890207,02OM00774,Mì khoai tây Omachi mì tô sườn hầm ngũ quả,96g x 18 tô/thùng,MBP,MBP - Nhà máy Masan Miền Bắc - MMB,012:2026/MMB,Viet Nam,2026-09-23,DA_DUYET,,,0e48af23-02bd-4fbc-9ac7-a10b828a5e6f
BGTM01987,THUNG,18936245890139,02OM00857,MÌ KHOAI TÂY OMACHI MÌ LY XỐT BÒ HẦM (*) MỚI,69g x 24 ly/thùng,MBP,MBP - Nhà máy Masan Miền Bắc - MMB,007:2026/MMB,Viet Nam,2026-09-18,DA_DUYET,,,272b3508-096f-43bc-949f-ea22719a8a86
BGTM01988,THUNG,18936245890153,02OM00775,MÌ KHOAI TÂY OMACHI MÌ TÔ XỐT BÒ HẦM (*),93g x 18 tô/thùng,MBP,MBP - Nhà máy Masan Miền Bắc - MMB,010:2026/MMB,Viet Nam,2026-09-18,DA_DUYET,,,9eb57e0a-ccdd-490e-a80f-bb29821dbd7a
BGTM01989,THUNG,18936245890221,02OM00862,Mì khoai tây Omachi Mì ly thịt hương vị tôm càng chua cay,112g x 24 ly/thùng,MBP,MBP - Nhà máy Masan Miền Bắc - MMB,014:2026/MMB,Viet Nam,2026-09-23,DA_DUYET,,,f03ee22f-883c-435c-b727-8820148c336e
BGTM01992,THUNG,18936245890177,02OM00861,Mì khoai tây Omachi mì ly thịt sườn hầm ngũ quả mới,115g x 24 ly/thùng,MBP,MBP - Nhà máy Masan Miền Bắc - MMB,015:2026/MMB,Viet Nam,2026-09-18,DA_DUYET,,,b362a709-ad6a-4b12-8f8c-bf379dc9b281
BGTM01993,THUNG,18936245890078,02OM00940,Mì khoai tây Omachi Mì Tô Trộn Cua Xốt Ớt,96 gr x 12 tô/thùng,MBP,MBP - Nhà máy Masan Miền Bắc - MMB,017:2026/MMB,Viet Nam,2026-09-14,DA_DUYET,,,20d05fb8-a163-4896-8fca-0e14d4008dba
BGTM01995,THUNG,18936245890191,02OM00785,Mì khoai tây Omachi mì tô trộn hương vị thịt xiên nướng,104g x 12 tô/thùng,MBP,MBP - Nhà máy Masan Miền Bắc - MMB,024:2026/MMB,Viet Nam,2026-09-22,DA_DUYET,,,208211fa-bcc0-4129-bcc5-a17f9ad7075b
BGTM01997,THUNG,18936245890146,02OM00860,MÌ KHOAI TÂY OMACHI MÌ LY THỊT XỐT BÒ HẦM (*) MỚI,113g x 24 ly/thùng,MBP,MBP - Nhà máy Masan Miền Bắc - MMB,013:2026/MMB,Viet Nam,2026-09-18,DA_DUYET,,,a203a5fe-1d57-4a19-8ccd-01d5144a57aa
BGTM02005,THUNG,18936245890092,02KK00313,Mì Kokomi 65 tôm chua cay,65g x 30 gói/thùng,MBP,MBP - Nhà máy Masan Miền Bắc - MMB,020:2026/MMB,Viet Nam,2026-09-16,DA_DUYET,,,3cb4a715-d822-4678-8155-95c69b19b677
BGTM02009,THUNG,28936245890099,02KK00314,Mì Kokomi 65 tôm chua cay,65g x 100 gói,MBP,MBP - Nhà máy Masan Miền Bắc - MMB,020:2026/MMB,Viet Nam,2026-09-16,DA_DUYET,,,fd84b734-aa7d-497f-a3e7-58f6e2c10016
BGTP00240,THUNG,,01PH00177,CHIN-SU PHỞ STORY PHỞ BÒ - BẮP BÒ NGUYÊN MIẾNG_135 g/ gói,15gói x 135g,MBP,MBP - Nhà máy Masan Miền Bắc - MMB,002:2026/MMB,Viet Nam,2026-08-11,CHO_DUYET,cùng mã PKG đăng ký nhiều barcode: 18936236473440 (2026-08-11) / 18936245890054 (2026-09-14),,aa0eaa11-6db2-473b-8b7b-805462eb3179
BGTP00241,THUNG,,01PH00189,CHIN-SU PHỞ STORY PHỞ BÒ - BẮP BÒ NGUYÊN MIẾNG_138 g/tô,138g x 12 tô/thùng,MBP,MBP - Nhà máy Masan Miền Bắc - MMB,02:2026/MMB,Viet Nam,2026-09-14,CHO_DUYET,cùng mã PKG đăng ký nhiều barcode: 18936236473457 (2026-08-11) / 18936245890061 (2026-09-14),,34a2a754-0cd0-49fc-b0fc-5d8136aacf80
BNHO00293,DON_VI,8936236472767,02OM00860,MÌ KHOAI TÂY OMACHI MÌ LY THỊT XỐT BÒ HẦM MỚI_113g / ly,113g/ ly,MBP,"MIP - CÔNG TY TNHH MTV CÔNG NGHIỆP MASAN, MBP - Nhà máy Masan Miền Bắc - MMB",65:2026/MS101,Viet Nam,2026-06-03,DA_DUYET,,,3b348da0-3b61-4e75-a43e-f6c5be42db14
BNHO00297,DON_VI,8936236473214,02KK00321,Mì Kokomi ly Tôm chua cay 65_65g/ ly,65g/ ly,MBP,"MBP - Nhà máy Masan Miền Bắc - MMB, MIP - CÔNG TY TNHH MTV CÔNG NGHIỆP MASAN",55:2026/MS101,Viet Nam,2026-07-06,DA_DUYET,,,b93e73de-7ff1-44d1-919e-f5c94ca7ac39
BNHO00298,DON_VI,8936245890118,02KK00321,Mì Kokomi ly Tôm chua cay 65,65g x 24 ly,MBP,MBP - Nhà máy Masan Miền Bắc - MMB,018:2026/MMB,Viet Nam,2026-09-16,DA_DUYET,,,343d96c2-3c4e-494a-8eae-aaa92b6644fe
BNHO00300,DON_VI,8936245890101,02KK00369,Mì Kokomi ly 90 Tôm chua cay (có cây thịt),90g x 24 ly,MBP,MBP - Nhà máy Masan Miền Bắc - MMB,019:2026/MMB,Viet Nam,2026-09-16,DA_DUYET,,,9602194d-da40-457f-b3d3-f2a03c8e52f3
BNHO00303,DON_VI,8936245890163,02OM00858,Mì khoai tây Omachi mì ly sườn hầm ngũ quả,70g x 24 ly,MBP,MBP - Nhà máy Masan Miền Bắc - MMB,009:2026/MMB,Viet Nam,2026-09-18,DA_DUYET,,,a7438b4b-f69c-4e49-9a0d-aba676956f74
BNHO00304,DON_VI,8936245890132,02OM00857,MÌ KHOAI TÂY OMACHI MÌ LY XỐT BÒ HẦM (*) MỚI,69g x 24 ly,MBP,MBP - Nhà máy Masan Miền Bắc - MMB,007:2026/MMB,Viet Nam,2026-09-18,DA_DUYET,,,272b3508-096f-43bc-949f-ea22719a8a86
BNHO00308,DON_VI,8936245890170,02OM00861,Mì khoai tây Omachi mì ly thịt sườn hầm ngũ quả mới,115g x 24 ly,MBP,MBP - Nhà máy Masan Miền Bắc - MMB,015:2026/MMB,Viet Nam,2026-09-18,DA_DUYET,,,b362a709-ad6a-4b12-8f8c-bf379dc9b281
BNHO00309,DON_VI,8936245890149,02OM00860,MÌ KHOAI TÂY OMACHI MÌ LY THỊT XỐT BÒ HẦM (*) MỚI,113g x 24 ly,MBP,MBP - Nhà máy Masan Miền Bắc - MMB,013:2026/MMB,Viet Nam,2026-09-18,DA_DUYET,,,a203a5fe-1d57-4a19-8ccd-01d5144a57aa
04MS02281,DON_VI,8936236472248,02OM00960,Omachi Mì Cua Xốt Ớt Mới_128g/gói,128g/gói,MGP,MGP - Nhà máy Masan Hậu Giang - MHG,48:2026/MS101,Viet Nam,2026-04-28,DA_DUYET,,,9d231831-9614-4ca5-b3cc-1e1a217c6b73
04MS02400,DON_VI,8936245750030,02OM01019,OMACHI CHILI GOD INSTANT NOODLES - SINGAPORE CHILI CRAB FLAVOR,126 gram x 24 gói,MGP,MGP - Nhà máy Masan Hậu Giang - MHG,015:2026/MHG,Cambodia,2026-09-10,DA_DUYET,,,ff91a96f-0e43-4315-894d-9c2fb7946d32
04MS02410,DON_VI,,02KK00420,Mì Kokomi 90 Hương Vị Sườn_90g/gói (MGP),90g/ gói,MGP,MGP - Nhà máy Masan Hậu Giang - MHG,008:2026/MGP,Viet Nam,2026-08-18,CHO_DUYET,cùng mã PKG đăng ký nhiều barcode: 8936236473719 (2026-08-18) / 8936245750047 (2026-09-11),,585e893f-723d-4157-b832-4445e8951b6a
04MS02416,DON_VI,,02KK00483,Mì Kokomi 75 hương vị Canh Chua Hải Sản,75g x 30 gói,MGP,MGP - Nhà máy Masan Hậu Giang - MHG,010:2026/MHG,Viet Nam,2026-09-14,CHO_DUYET,cùng mã PKG đăng ký nhiều barcode: 8936236473849 (2026-08-21) / 8936245750085 (2026-09-14),,65f4e797-dd00-4692-adfe-87275cac0f2c
04MS02418,DON_VI,8936245750016,02KK00510,KOKOMI MÌ CAY VỊ BÒ,100g x 24 gói,MGP,MGP - Nhà máy Masan Hậu Giang - MHG,016:2026/MHG,Viet Nam,2026-09-10,DA_DUYET,,,ce66ed23-d72e-430e-99dd-525ebf2c077d
04MS02422,DON_VI,8936245750054,02OM00771,Mì khoai tây Omachi hương vị lẩu tôm càng,30 gói x 80 gram,MGP,MGP - Nhà máy Masan Hậu Giang - MHG,004:2026/MHG,Viet Nam,2026-09-14,DA_DUYET,,,ef09b8f7-d352-4669-ab7e-411b84f12d9c
04MS02428,DON_VI,8936245750061,02OM00338,Mì khoai tây Omachi Sườn hầm ngũ quả,30gram x 30 gói,MGP,MGP - Nhà máy Masan Hậu Giang - MHG,005:2026/MHG,Viet Nam,2026-09-14,DA_DUYET,,,bde1831b-446c-417b-932a-eac0b7602671
04MS02431,DON_VI,8936245750078,02OM00770,Mì khoai tây Omachi xốt Bò hầm,80gram x 30 gói,MGP,MGP - Nhà máy Masan Hậu Giang - MHG,003:2026/MHG,Viet Nam,2026-09-14,DA_DUYET,,,3a099f4d-cfcb-4361-a6ef-15543cc56c27
04MS02434,DON_VI,8936245750092,02OM00772,MÌ KHOAI TÂY OMACHI HƯƠNG VỊ LẨU BẮP BÒ RIÊU CUA,80g/ gói,MGP,MGP - Nhà máy Masan Hậu Giang - MHG,006:2026/MHG,Viet Nam,2026-09-15,DA_DUYET,,,4d6f4c11-580a-4fd8-a2e7-bf542380ec16
04MS02441,DON_VI,8936245750122,02OM00794,MÌ KHOAI TÂY OMACHI MÌ TRỘN HƯƠNG VỊ THỊT XIÊN NƯỚNG,90gram/ gói,MGP,MGP - Nhà máy Masan Hậu Giang - MHG,001:2026/MHG,Viet Nam,2026-09-18,DA_DUYET,,,c082fd5d-4401-4f6f-ac6e-6d95ba7cba0c
04MS02443,DON_VI,8936245750115,02OM00381,mì khoa tây Omachi Special Bò Hầm xốt Vang,93 gam/ gói,MGP,MGP - Nhà máy Masan Hậu Giang - MHG,007:2026/MHG,Viet Nam,2026-09-16,DA_DUYET,,,6868591f-c63d-4ae8-8d28-7ef44e8e5142
04MS02456,DON_VI,8936245750108,02KK00313,Mì kokomi 65 tôm chua cay,65gram/gói,MGP,MGP - Nhà máy Masan Hậu Giang - MHG,009:2026/MHG,Viet Nam,2026-09-15,DA_DUYET,,,2233353a-d0ae-44fb-8182-77470027858c
BGNA01825,DON_VI,8936236473085,03NM00936,Nước chấm Nam Ngư Siêu tiết kiệm Mới_800ml/ chai,800ml/ chai,MGP,"MBP - Nhà máy Masan Miền Bắc - MMB, MGP - Nhà máy Masan Hậu Giang - MHG",78:2026/MS102,Viet Nam,2026-06-16,DA_DUYET,,,4d204ff9-a3a8-432e-bd0b-8628ebeccd53
BGNA01901,DON_VI,8936236473481,03NM00881,Nước mắm Nam Ngư _500ml/ chai,500ml/ chai,MGP,MGP - Nhà máy Masan Hậu Giang - MHG,011:2026/MHG,Viet Nam,2026-08-17,DA_DUYET,,,4a4246c0-f408-4c87-a778-f4314b984ad0
BGNA01902,DON_VI,8936236473481,03NM00881,Nước mắm Nam Ngư _500ml/ chai,500ml/ chai,MGP,MGP - Nhà máy Masan Hậu Giang - MHG,011:2026/MHG,Viet Nam,2026-08-17,DA_DUYET,,,4a4246c0-f408-4c87-a778-f4314b984ad0
BGNA01913,DON_VI,8936236473511,03NM00882,Nước mắm Nam Ngư _750ml/ chai,750ml/ chai,MGP,MGP - Nhà máy Masan Hậu Giang - MHG,011:2026/MHG,Viet Nam,2026-08-17,DA_DUYET,,,fac3694f-2729-4f1d-8f61-f6a0ce2f4796
BGNA01914,DON_VI,8936236473511,03NM00882,Nước mắm Nam Ngư _750ml/ chai,750ml/ chai,MGP,MGP - Nhà máy Masan Hậu Giang - MHG,011:2026/MHG,Viet Nam,2026-08-17,DA_DUYET,,,fac3694f-2729-4f1d-8f61-f6a0ce2f4796
BGNA01923,DON_VI,8936236474044,03NM00936,NƯỚC CHẤM NAM NGƯ SIÊU TIẾT KIỆM_800ml/ chai (MHG),800ml/ chai,MGP,MGP - Nhà máy Masan Hậu Giang - MHG,012:2026/MHG,Viet Nam,2026-08-24,DA_DUYET,,,c024b20d-ebfb-4ce3-b143-35019e16b056
BGNA01927,DON_VI,8936236473870,03NM00790,NƯỚC CHẤM NAM NGƯ ĐỆ NHỊ _900ml/ chai (MHG),900ml/ chai,MGP,MGP - Nhà máy Masan Hậu Giang - MHG,013:2026/MHG,Viet Nam,2026-08-22,DA_DUYET,,,4c46a0bf-e232-438d-9101-2f303fafb0eb
BGNA01928,DON_VI,8936236473870,03NM00790,NƯỚC CHẤM NAM NGƯ ĐỆ NHỊ _900ml/ chai (MHG),900ml/ chai,MGP,MGP - Nhà máy Masan Hậu Giang - MHG,013:2026/MHG,Viet Nam,2026-08-22,DA_DUYET,,,4c46a0bf-e232-438d-9101-2f303fafb0eb
BGNA01931,DON_VI,8936236473863,03NM00789,NƯỚC CHẤM NAM NGƯ ĐỆ NHỊ _800ml/ chai (MHG),800ml/ chai,MGP,MGP - Nhà máy Masan Hậu Giang - MHG,013:2026/MHG,Viet Nam,2026-08-22,DA_DUYET,,,1da447c3-e0b3-4f53-baa4-6936e2e56ab7
BGNA01932,DON_VI,8936236473863,03NM00789,NƯỚC CHẤM NAM NGƯ ĐỆ NHỊ _800ml/ chai (MHG),800ml/ chai,MGP,MGP - Nhà máy Masan Hậu Giang - MHG,013:2026/MHG,Viet Nam,2026-08-22,DA_DUYET,,,1da447c3-e0b3-4f53-baa4-6936e2e56ab7
BGRD00069,DON_VI,8936236473764,"08TR00046 (tết), 08TR0004",BUPNON TEA 365 HỒNG TRÀ HƯƠNG ĐÀO_6chai x 450ml/ Block,6chai x 450ml/ block,MGP,MGP - Nhà máy Masan Hậu Giang - MHG,002:2026/MHG,Viet Nam,2026-08-21,DA_DUYET,,,3cb2ede9-417c-4378-aad2-eb334d3def59
BGRD00070,DON_VI,8936236473801,08TR00043,BUPNON TEA 365 TRÀ HƯƠNG MẬT ONG_6chai x 450ml/ Block,6chai x 450ml/ block,MGP,MGP - Nhà máy Masan Hậu Giang - MHG,24:2025/MS103,Viet Nam,2026-08-21,DA_DUYET,,,b30510b8-22da-42f5-9982-9ddc705fe48f
BGRD00072,DON_VI,8936236473788,"08TR00051 (tết), 08TR00045",BUPNON TEA 365 TRÀ LÀI VỊ CHANH_6chai x 450ml/ Block,6chai x 450ml/ block,MGP,MGP - Nhà máy Masan Hậu Giang - MHG,09:2026/MS103,Viet Nam,2026-08-21,DA_DUYET,,,6b38f08d-022b-4e35-909c-904b43c669df
BGRD00073,DON_VI,8936236473764,"08TR00046 (tết), 08TR0004",BUPNON TEA 365 HỒNG TRÀ HƯƠNG ĐÀO_6chai x 450ml/ Block,6chai x 450ml/ block,MGP,MGP - Nhà máy Masan Hậu Giang - MHG,002:2026/MHG,Viet Nam,2026-08-21,DA_DUYET,,,3cb2ede9-417c-4378-aad2-eb334d3def59
BGRD00081,DON_VI,8936236473825,08TR00050,BUPNON TEA 365 TRÀ LÀI HƯƠNG MÃNG CẦU_6chai x 450ml/ Block,6chai x 450ml/ block,MGP,MGP - Nhà máy Masan Hậu Giang - MHG,07:2026/MS103,Viet Nam,2026-08-21,DA_DUYET,,,892f3cba-aaa9-4d40-b09a-08a1da4ebc64
BGRD00082,DON_VI,8936236473788,"08TR00051 (tết), 08TR00045",BUPNON TEA 365 TRÀ LÀI VỊ CHANH_6chai x 450ml/ Block,6chai x 450ml/ block,MGP,MGP - Nhà máy Masan Hậu Giang - MHG,09:2026/MS103,Viet Nam,2026-08-21,DA_DUYET,,,6b38f08d-022b-4e35-909c-904b43c669df
BGRD00083,DON_VI,8936236473993,97TR00005,BUPNON TEA 365 HỒNG TRÀ HƯƠNG ĐÀO_250ml/ chai,250ml/ chai,MGP,MGP - Nhà máy Masan Hậu Giang - MHG,002:2026/MHG,Viet Nam,2026-08-24,DA_DUYET,,,1a522868-63c6-4865-b7ed-65832c947944
BGRD00084,DON_VI,8936236474006,97TR00006,BUPNON TEA 365 TRÀ HƯƠNG MẬT ONG_250ml/ chai,250ml/ chai,MGP,MGP - Nhà máy Masan Hậu Giang - MHG,24:2025/MS103,Viet Nam,2026-08-24,DA_DUYET,,,6c29f455-6da2-4315-8675-e77bc8fc6566
BGRD00085,DON_VI,8936236474020,97TR00007,BUPNON TEA 365 TRÀ LÀI VỊ CHANH_250ml/ chai,250ml/ chai,MGP,MGP - Nhà máy Masan Hậu Giang - MHG,09:2026/MS103,Viet Nam,2026-08-24,DA_DUYET,,,776c6306-88d9-4330-9b76-b8a0eea484eb
BGRD00086,DON_VI,8936236473986,97TR00008,BUPNON TEA 365 TRÀ Ô LONG VỊ ĐÀO_250ml/ chai,250ml/ chai,MGP,MGP - Nhà máy Masan Hậu Giang - MHG,04:2026/MS103,Viet Nam,2026-08-24,DA_DUYET,,,0b319e6e-01ce-416e-a839-08225ba0898e
BGRD00087,DON_VI,8936236474013,97TR00009,BUPNON TEA 365 TRÀ LÀI HƯƠNG MÃNG CẦU_250ml/ chai,250ml/ chai,MGP,MGP - Nhà máy Masan Hậu Giang - MHG,07:2026/MS103,Viet Nam,2026-08-24,DA_DUYET,,,a9c8d4c7-8c7e-4b93-9f8a-8932055b949d
BGRD00088,DON_VI,28936236473782,08TR00055,BUPNON TEA 365 TRÀ LÀI VỊ CHANH_2bl x 6chai x 450ml/ thùng,2bl x 6chai x 450ml/ thùng,MGP,MGP - Nhà máy Masan Hậu Giang - MHG,09:2026/MS103,Viet Nam,2026-09-14,CHO_DUYET,barcode 14 số không đúng cấp DON_VI,,3977dae1-8e17-416a-9b88-5fe8fdadcb3f
BGRD00089,DON_VI,28936236473768,08TR00055,BUPNON TEA 365 HỒNG TRÀ HƯƠNG ĐÀO_2bl x 6chai x 450ml/ thùng,2bl x 6chai x 450ml/ thùng,MGP,MGP - Nhà máy Masan Hậu Giang - MHG,002:2026/MHG,Viet Nam,2026-09-14,CHO_DUYET,barcode 14 số không đúng cấp DON_VI,,65f54f26-b1ae-4861-bd3e-e1e1a0c57e9c
BGRD00090,DON_VI,28936236473744,08TR00057,BUPNON TEA 365 TRÀ Ô LONG VỊ ĐÀO_2bl x 6chai x 450ml/ thùng,2bl x 6chai x 450ml/ thùng,MGP,MGP - Nhà máy Masan Hậu Giang - MHG,04:2026/MS103,Viet Nam,2026-09-14,CHO_DUYET,barcode 14 số không đúng cấp DON_VI,,35e9a3e1-bfdf-45f8-a50c-0b290aadf8cd
BGTA00947,THUNG,,03NM00974,Thùng NƯỚC CHẤM NAM NGƯ ĐỆ NHỊ 18 chai x 800ml Tặng 1 chai Tương ớt Chinsu mới MN 250g (TCCS: 03:2020/MS102),800ml x 18 chai + 1 chai 250g/ thùng,MGP,"MBP - Nhà máy Masan Miền Bắc - MMB, MGP - Nhà máy Masan Hậu Giang - MHG",41:2019/MS102,Viet Nam,2026-06-22,CHO_DUYET,thiếu barcode,,f47e19d6-a6ed-4e59-aea7-e2e4160abaff
BGTA00948,THUNG,,03NM00975,Thùng NƯỚC CHẤM NAM NGƯ ĐỆ NHỊ 18 chai x 800ml Tặng 1 chai Tương ớt Chinsu mới MB 250g (TCCS: 04:2020/MS102),800ml x 18 chai + 1 chai 250g/ thùng,MGP,"MBP - Nhà máy Masan Miền Bắc - MMB, MGP - Nhà máy Masan Hậu Giang - MHG",41:2019/MS102,Viet Nam,2026-06-22,CHO_DUYET,thiếu barcode,,1247d9e2-5050-4de4-b4b7-0eb306bf47a8
BGTA00954,THUNG,18936236473488,03NM00881,Nước mắm Nam Ngư _500ml/ chai,3block x 8chai x 500ml/ thùng,MGP,MGP - Nhà máy Masan Hậu Giang - MHG,011:2026/MHG,Viet Nam,2026-08-17,DA_DUYET,,,4a4246c0-f408-4c87-a778-f4314b984ad0
BGTA00960,THUNG,18936236473518,03NM00882,Nước mắm Nam Ngư _750ml/ chai,3block x 6chai x 750ml/ thùng,MGP,MGP - Nhà máy Masan Hậu Giang - MHG,011:2026/MHG,Viet Nam,2026-08-17,DA_DUYET,,,fac3694f-2729-4f1d-8f61-f6a0ce2f4796
BGTA00965,THUNG,18936236474041,03NM00936,NƯỚC CHẤM NAM NGƯ SIÊU TIẾT KIỆM_800ml/ chai (MHG),18 chai x 800ml/ thùng,MGP,MGP - Nhà máy Masan Hậu Giang - MHG,012:2026/MHG,Viet Nam,2026-08-24,DA_DUYET,,,c024b20d-ebfb-4ce3-b143-35019e16b056
BGTA00968,THUNG,18936236473877,03NM00790,NƯỚC CHẤM NAM NGƯ ĐỆ NHỊ _900ml/ chai (MHG),15 chai x 900ml/ thùng,MGP,MGP - Nhà máy Masan Hậu Giang - MHG,013:2026/MHG,Viet Nam,2026-08-22,DA_DUYET,,,4c46a0bf-e232-438d-9101-2f303fafb0eb
BGTA00970,THUNG,18936236473860,03NM00789,NƯỚC CHẤM NAM NGƯ ĐỆ NHỊ _800ml/ chai (MHG),18 chai x 800ml/ thùng,MGP,MGP - Nhà máy Masan Hậu Giang - MHG,013:2026/MHG,Viet Nam,2026-08-22,DA_DUYET,,,1da447c3-e0b3-4f53-baa4-6936e2e56ab7
BGTM01844,THUNG,,02KK00845,Thùng Mì Kokomi Tôm Chua Cay_30 gói x 65g Tặng 3 lon Thực phẩm bổ sung - Nước tăng lực Wake-Up 247 Guarana (TCCS: 04:2025/BH103),30 gói x 65g + 3 lon/ thùng,MGP,"MIP - CÔNG TY TNHH MTV CÔNG NGHIỆP MASAN, MBP - Nhà máy Masan Miền Bắc - MMB, MHP - Nhà máy Masan Hải Dương - MHD, MGP - Nhà máy Masan Hậu Giang - MHG",47:2025/MS101,Viet Nam,2026-06-20,CHO_DUYET,thiếu barcode,,d2233254-9b3e-49f0-abb7-7ae7b90c6225
BGTM01929,THUNG,18936245750037,02OM01019,OMACHI CHILI GOD INSTANT NOODLES - SINGAPORE CHILI CRAB FLAVOR,126 gram x 24 gói,MGP,MGP - Nhà máy Masan Hậu Giang - MHG,015:2026/MHG,Cambodia,2026-09-10,DA_DUYET,,,ff91a96f-0e43-4315-894d-9c2fb7946d32
BGTM01935,THUNG,,02KK00420,Mì Kokomi 90 Hương Vị Sườn_90g/gói (MGP),30 gói x 90g/thùng,MGP,MGP - Nhà máy Masan Hậu Giang - MHG,008:2026/MGP,Viet Nam,2026-08-18,CHO_DUYET,cùng mã PKG đăng ký nhiều barcode: 18936236473716 (2026-08-18) / 18936245750044 (2026-09-11),,585e893f-723d-4157-b832-4445e8951b6a
BGTM01942,THUNG,,02KK00483,Mì Kokomi 75 hương vị Canh Chua Hải Sản,75 gram x 30 gói,MGP,MGP - Nhà máy Masan Hậu Giang - MHG,010:2026/MHG,Viet Nam,2026-09-14,CHO_DUYET,cùng mã PKG đăng ký nhiều barcode: 18936236473846 (2026-08-21) / 18936245750082 (2026-09-14),,65f4e797-dd00-4692-adfe-87275cac0f2c
BGTM01948,THUNG,18936245750051,02OM00771,Mì khoai tây Omachi hương vị lẩu tôm càng,30 gói x 80 gram,MGP,MGP - Nhà máy Masan Hậu Giang - MHG,004:2026/MHG,Viet Nam,2026-09-14,DA_DUYET,,,ef09b8f7-d352-4669-ab7e-411b84f12d9c
BGTM01954,THUNG,18936245750068,02OM00338,Mì khoai tây Omachi Sườn hầm ngũ quả,30 gói x 80gram,MGP,MGP - Nhà máy Masan Hậu Giang - MHG,005:2026/MHG,Viet Nam,2026-09-14,DA_DUYET,,,bde1831b-446c-417b-932a-eac0b7602671
BGTM01957,THUNG,18936245750075,02OM00770,Mì khoai tây Omachi xốt Bò hầm,30 gói x 80 gram,MGP,MGP - Nhà máy Masan Hậu Giang - MHG,003:2026/MHG,Viet Nam,2026-09-14,DA_DUYET,,,3a099f4d-cfcb-4361-a6ef-15543cc56c27
BGTM01967,THUNG,18936245750129,02OM00794,MÌ KHOAI TÂY OMACHI MÌ TRỘN HƯƠNG VỊ THỊT XIÊN NƯỚNG,90gram x 30 gói,MGP,MGP - Nhà máy Masan Hậu Giang - MHG,001:2026/MHG,Viet Nam,2026-09-18,DA_DUYET,,,c082fd5d-4401-4f6f-ac6e-6d95ba7cba0c
BGTM01969,THUNG,18936245750112,02OM00381,mì khoa tây Omachi Special Bò Hầm xốt Vang,30 gói x 93 gram,MGP,MGP - Nhà máy Masan Hậu Giang - MHG,007:2026/MHG,Viet Nam,2026-09-16,DA_DUYET,,,6868591f-c63d-4ae8-8d28-7ef44e8e5142
BNMC01034,DON_VI,8936236472620,08TR00012,BUPNON TEA 365 HỒNG TRÀ HƯƠNG ĐÀO_6chai x 500ml/ Block,6chai x 500ml/ Block,MGP,MGP - Nhà máy Masan Hậu Giang - MHG,23:2025/MS103,Viet Nam,2026-05-27,DA_DUYET,,,2f4e98e6-7586-4395-abe4-1b1abe4fa926
BNMC01035,DON_VI,8936236472644,08TR00010,BUPNON TEA 365 TRÀ HƯƠNG MẬT ONG_6chai x 500ml/ Block,6chai x 500ml/ Block,MGP,MGP - Nhà máy Masan Hậu Giang - MHG,24:2025/MS103,Viet Nam,2026-05-27,DA_DUYET,,,db57490a-96aa-4e7d-953a-0a9b2a4845ed
BNMC01036,DON_VI,8936236472606,08TR00048,BUPNON TEA 365 TRÀ Ô LONG VỊ ĐÀO_6chai x 500ml/ Block,6chai x 500ml/ Block,MGP,MGP - Nhà máy Masan Hậu Giang - MHG,04:2026/MS103,Viet Nam,2026-06-12,DA_DUYET,,,59a0dd48-a578-4fb4-9978-469a24bf11e5
BNMC01037,DON_VI,8936236472668,08TR00038,BUPNON TEA 365 TRÀ LÀI VỊ CHANH_500ml x 6 chai/block,500ml x 6 chai/block,MGP,MGP - Nhà máy Masan Hậu Giang - MHG,05:2026/MS103,Viet Nam,2026-05-27,DA_DUYET,,gộp 2 dòng đăng ký,eaa17766-ff29-47cf-bd44-e59788e4bb36
BNMC01047,DON_VI,8936236472637,08TR00049,BUPNON TEA 365 TRÀ LÀI HƯƠNG MÃNG CẦU_6chai x 500ml/ Block,6xhai x 500ml/ Block,MGP,MGP - Nhà máy Masan Hậu Giang - MHG,09:2026/MS103,Viet Nam,2026-06-09,DA_DUYET,,,55ebadd1-d548-436d-ac62-d820eda63e0f
BNMC01051,DON_VI,8936236472910,08TR00037,BUPNON TEA 365 TRÀ Ô LONG VỊ ĐÀO (MT)_6chai x 500ml/ Block,6chai x 500ml/ Block,MGP,MGP - Nhà máy Masan Hậu Giang - MHG,27:2025/MS103,Viet Nam,2026-06-12,DA_DUYET,,,88538b71-d184-4ce7-be7b-0ca5d03de691
BNMC01081,DON_VI,8936236473436,08TR00038,BUPNON TEA 365 TRÀ LÀI VỊ CHANH_500ml x 6 chai/block,500ml x 6 chai/block,MGP,MGP - Nhà máy Masan Hậu Giang - MHG,09:2026/MS103,Viet Nam,2026-07-31,DA_DUYET,,,ec136be3-d070-4ab8-ba6b-379b4d26c66d
BNMC01085,DON_VI,8936236473825,08TR00050,BUPNON TEA 365 TRÀ LÀI HƯƠNG MÃNG CẦU_6chai x 450ml/ Block,6chai x 450ml/ block,MGP,MGP - Nhà máy Masan Hậu Giang - MHG,07:2026/MS103,Viet Nam,2026-08-21,DA_DUYET,,,892f3cba-aaa9-4d40-b09a-08a1da4ebc64
BNMC01086,DON_VI,8936236473788,"08TR00051 (tết), 08TR00045",BUPNON TEA 365 TRÀ LÀI VỊ CHANH_6chai x 450ml/ Block,6chai x 450ml/ block,MGP,MGP - Nhà máy Masan Hậu Giang - MHG,09:2026/MS103,Viet Nam,2026-08-21,DA_DUYET,,,6b38f08d-022b-4e35-909c-904b43c669df
BNMC01087,DON_VI,8936236473764,"08TR00046 (tết), 08TR0004",BUPNON TEA 365 HỒNG TRÀ HƯƠNG ĐÀO_6chai x 450ml/ Block,6chai x 450ml/ block,MGP,MGP - Nhà máy Masan Hậu Giang - MHG,002:2026/MHG,Viet Nam,2026-08-21,DA_DUYET,,,3cb2ede9-417c-4378-aad2-eb334d3def59
BNMC01088,DON_VI,8936236473801,08TR00043,BUPNON TEA 365 TRÀ HƯƠNG MẬT ONG_6chai x 450ml/ Block,6chai x 450ml/ block,MGP,MGP - Nhà máy Masan Hậu Giang - MHG,24:2025/MS103,Viet Nam,2026-08-21,DA_DUYET,,,b30510b8-22da-42f5-9982-9ddc705fe48f
BNMC01089,DON_VI,8936236473740,"08TR00047 (tết), 08TR00044",BUPNON TEA 365 TRÀ Ô LONG VỊ ĐÀO_6chai x 450ml/ block,6chai x 450ml/ block,MGP,MGP - Nhà máy Masan Hậu Giang - MHG,04:2026/MS103,Viet Nam,2026-08-21,DA_DUYET,,,9448ed44-ff87-4e1e-b03c-392858cca58b
BNMC01090,DON_VI,8936236473788,"08TR00051 (tết), 08TR00045",BUPNON TEA 365 TRÀ LÀI VỊ CHANH_6chai x 450ml/ Block,6chai x 450ml/ block,MGP,MGP - Nhà máy Masan Hậu Giang - MHG,09:2026/MS103,Viet Nam,2026-08-21,DA_DUYET,,,6b38f08d-022b-4e35-909c-904b43c669df
BNMC01091,DON_VI,8936236473764,"08TR00046 (tết), 08TR0004",BUPNON TEA 365 HỒNG TRÀ HƯƠNG ĐÀO_6chai x 450ml/ Block,6chai x 450ml/ block,MGP,MGP - Nhà máy Masan Hậu Giang - MHG,002:2026/MHG,Viet Nam,2026-08-21,DA_DUYET,,,3cb2ede9-417c-4378-aad2-eb334d3def59
BNMC01092,DON_VI,8936236473740,"08TR00047 (tết), 08TR00044",BUPNON TEA 365 TRÀ Ô LONG VỊ ĐÀO_6chai x 450ml/ block,6chai x 450ml/ block,MGP,MGP - Nhà máy Masan Hậu Giang - MHG,04:2026/MS103,Viet Nam,2026-08-21,DA_DUYET,,,9448ed44-ff87-4e1e-b03c-392858cca58b
BNNN00268,DON_VI,8936236473757,"08TR00046 (tết), 08TR00042",BUPNON TEA 365 HỒNG TRÀ HƯƠNG ĐÀO_450ml/ chai,450ml/ chai,MGP,MGP - Nhà máy Masan Hậu Giang - MHG,002:2026/MHG,Viet Nam,2026-08-21,DA_DUYET,,,d2e06f3e-f67e-46bf-9a30-8d665b091ed6
BNNN00269,DON_VI,8936236473795,08TR00043,BUPNON TEA 365 TRÀ HƯƠNG MẬT ONG_450ml/ chai,450ml/ chai,MGP,MGP - Nhà máy Masan Hậu Giang - MHG,24:2025/MS103,Viet Nam,2026-08-21,DA_DUYET,,,cbd22889-4263-4943-8cd7-451bb0a13766
BNNN00270,DON_VI,8936236473733,"08TR00047 (tết), 08TR00044",BUPNON TEA 365 TRÀ Ô LONG VỊ ĐÀO_450ml/ chai,450ml/ chai,MGP,MGP - Nhà máy Masan Hậu Giang - MHG,04:2026/MS103,Viet Nam,2026-08-21,DA_DUYET,,,bb8e5164-36b6-47ad-85a7-96e85f53b8c5
BNNN00271,DON_VI,8936236473771,"08TR00051 (tết), 08TR00045",BUPNON TEA 365 TRÀ LÀI VỊ CHANH_450ml/ chai,450ml/ chai,MGP,MGP - Nhà máy Masan Hậu Giang - MHG,09:2026/MS103,Viet Nam,2026-08-21,DA_DUYET,,,257bd355-fb9e-486e-b7f4-8dfc03dab1cc
BNNN00277,DON_VI,8936236472590,08TR00048,BUPNON TEA 365 TRÀ Ô LONG VỊ ĐÀO_500ml/ chai,500ml/ chai,MGP,MGP - Nhà máy Masan Hậu Giang - MHG,04:2026/MS103,Viet Nam,2026-05-27,DA_DUYET,,,706e87d3-41e7-4c4e-86d6-653e6ac43b12
BNNN00278,DON_VI,8936236472651,08TR00038,BUPNON TEA 365 TRÀ LÀI VỊ CHANH_500ml/ chai,500ml/ chai,MGP,MGP - Nhà máy Masan Hậu Giang - MHG,05:2026/MS103,Viet Nam,2026-05-27,DA_DUYET,,,94cc4066-6bd4-47f9-8c6d-ccff3cc7d6e8
BNNN00295,DON_VI,8936236472613,08TR00049,BUPNON TEA 365 TRÀ LÀI HƯƠNG MÃNG CẦU_500ml/ chai,500ml/ chai,MGP,MGP - Nhà máy Masan Hậu Giang - MHG,07:2026/MS103,Viet Nam,2026-06-09,DA_DUYET,,,cadb9bf7-75e1-4955-ac73-63103392d122
BNNN00296,DON_VI,8936236473429,08TR00038,BUPNON TEA 365 TRÀ LÀI VỊ CHANH_500ml/ chai,500ml/ chai,MGP,MGP - Nhà máy Masan Hậu Giang - MHG,09:2026/MS103,Viet Nam,2026-07-31,DA_DUYET,,,b252aa17-60c4-48e9-9ab5-ca46d30eaeba
BNNN00297,DON_VI,8936236473818,08TR00050,BUPNON TEA 365 TRÀ LÀI HƯƠNG MÃNG CẦU_450ml/ chai,450ml/ chai,MGP,MGP - Nhà máy Masan Hậu Giang - MHG,07:2026/MS103,Viet Nam,2026-08-21,DA_DUYET,,,aa7d407b-1bb3-4fb2-b9fc-0a6ea3ae846b
BNNN00299,DON_VI,8936236473993,97TR00005,BUPNON TEA 365 HỒNG TRÀ HƯƠNG ĐÀO_250ml/ chai,250ml/ chai,MGP,MGP - Nhà máy Masan Hậu Giang - MHG,002:2026/MHG,Viet Nam,2026-08-24,DA_DUYET,,,1a522868-63c6-4865-b7ed-65832c947944
BNNN00300,DON_VI,8936236474006,97TR00006,BUPNON TEA 365 TRÀ HƯƠNG MẬT ONG_250ml/ chai,250ml/ chai,MGP,MGP - Nhà máy Masan Hậu Giang - MHG,24:2025/MS103,Viet Nam,2026-08-24,DA_DUYET,,,6c29f455-6da2-4315-8675-e77bc8fc6566
BNNN00301,DON_VI,8936236474020,97TR00007,BUPNON TEA 365 TRÀ LÀI VỊ CHANH_250ml/ chai,250ml/ chai,MGP,MGP - Nhà máy Masan Hậu Giang - MHG,09:2026/MS103,Viet Nam,2026-08-24,DA_DUYET,,,776c6306-88d9-4330-9b76-b8a0eea484eb
BNNN00302,DON_VI,8936236473986,97TR00008,BUPNON TEA 365 TRÀ Ô LONG VỊ ĐÀO_250ml/ chai,250ml/ chai,MGP,MGP - Nhà máy Masan Hậu Giang - MHG,04:2026/MS103,Viet Nam,2026-08-24,DA_DUYET,,,0b319e6e-01ce-416e-a839-08225ba0898e
BNNN00303,DON_VI,8936236474013,97TR00009,BUPNON TEA 365 TRÀ LÀI HƯƠNG MÃNG CẦU_250ml/ chai,250ml/ chai,MGP,MGP - Nhà máy Masan Hậu Giang - MHG,07:2026/MS103,Viet Nam,2026-08-24,DA_DUYET,,,a9c8d4c7-8c7e-4b93-9f8a-8932055b949d
04MS02411,DON_VI,,02KK00420,Mì Kokomi 90 Hương Vị Sườn_90g/gói,90g/ gói,MHP,MHP - Nhà máy Masan Hải Dương - MHD,001:2026/MHP,Viet Nam,2026-08-18,CHO_DUYET,cùng mã PKG đăng ký nhiều barcode: 8936236473726 (2026-08-18) / 8936245760015 (2026-09-11),,c772af3d-ed56-4079-83b6-0a1890a1049c
04MS02413,DON_VI,,02KK00320,Mì Kokomi 75 hương vị Bò Hầm Rau Thơm 75g/ gói,75g/ gói,MHP,MHP - Nhà máy Masan Hải Dương - MHD,003:2026/MHP,Viet Nam,2026-09-12,CHO_DUYET,cùng mã PKG đăng ký nhiều barcode: 8936236474297 (2026-09-07) / 8936245760039 (2026-09-12),,2d6a1ef6-41b7-48bd-b903-f57e0f77e660
04MS02415,DON_VI,8936245760022,02KK00483,Mì Kokomi 75 hương vị Canh Chua Hải Sản 75g/ gói,75g/ gói,MHP,MHP - Nhà máy Masan Hải Dương - MHD,004:2026/MHD,Viet Nam,2026-09-12,DA_DUYET,,,f3871e79-7db2-4a13-9fd0-915b9f53be6f
04MS02457,DON_VI,8936245760046,02KK00313,Mì Kokomi 65 tôm chua cay (65g/gói),65g/ gói,MHP,MHP - Nhà máy Masan Hải Dương - MHD,002:2026/MHD,Viet Nam,2026-09-15,DA_DUYET,,,356ab03f-1676-4689-8d3f-0d221c5402f6
04MS02464,DON_VI,8936245760008,02KK00481,Kokomi 75 mì hương vị Tôm chua cay chanh ớt 75g/gói,75g/gói,MHP,MHP - Nhà máy Masan Hải Dương - MHD,007:2026/MHD,Viet Nam,2026-09-11,DA_DUYET,,,44bf831c-f890-40b0-acf2-e1aa8bfd61b6
BGTG00483,THUNG,,03HG00255,Thùng HẠT NÊM CHIN-SU NGỌT TÔM THƠM THỊT MỚI 500g tặng 02 chai Tương ớt CHIN-SU MB 500g (TCCS 04:2020/MS102),500g x 16 gói + 2 chai TO 500g/ thùng,MHP,MHP - Nhà máy Masan Hải Dương - MHD,02:2024/MS102,Viet Nam,2026-06-03,CHO_DUYET,thiếu barcode,,bce4219f-93b2-45af-9e8b-5028d5e1bed8
BGTG00503,THUNG,,03HG00270,CHIN-SU HẠT NÊM VỊ NGỌT TÔM THƠM THỊT_500g/ gói (MHD),16 gói x 500g/ thùng,MHP,MHP - Nhà máy Masan Hải Dương - MHD,006:2026/MHD,Viet Nam,2026-09-21,CHO_DUYET,cùng mã PKG đăng ký nhiều barcode: 18936236474096 (2026-08-25) / 18936245760067 (2026-09-21),,b67d0969-77ff-49eb-8e89-eb83f1344a41
BGTG00505,THUNG,,03HG00272,CHIN-SU HẠT NÊM VỊ NGỌT TÔM THƠM THỊT_900g/ gói (MHD),8 gói x 900g/ thùng,MHP,MHP - Nhà máy Masan Hải Dương - MHD,006:2026/MHD,Viet Nam,2026-09-21,CHO_DUYET,cùng mã PKG đăng ký nhiều barcode: 18936236474102 (2026-08-25) / 18936245760074 (2026-09-21),,2207271e-aa0f-4811-9f6a-c74164ebecfc
BGTG00507,THUNG,,03HG00274,HẠT NÊM CHIN-SU VỊ NGỌT TÔM THƠM THỊT MỚI_1.8kg/ gói,6 gói x 1.8kg/ thùng,MHP,MHP - Nhà máy Masan Hải Dương - MHD,005:2026/MHD,Viet Nam,2026-09-21,CHO_DUYET,cùng mã PKG đăng ký nhiều barcode: 18936236474126 (2026-08-25) / 18936245760050 (2026-09-21),,32e86266-a8ed-4b44-8cb3-18f7d22f4bb5
BGTM01844,THUNG,,02KK00845,Thùng Mì Kokomi Tôm Chua Cay_30 gói x 65g Tặng 3 lon Thực phẩm bổ sung - Nước tăng lực Wake-Up 247 Guarana (TCCS: 04:2025/BH103),30 gói x 65g + 3 lon/ thùng,MHP,"MIP - CÔNG TY TNHH MTV CÔNG NGHIỆP MASAN, MBP - Nhà máy Masan Miền Bắc - MMB, MHP - Nhà máy Masan Hải Dương - MHD, MGP - Nhà máy Masan Hậu Giang - MHG",47:2025/MS101,Viet Nam,2026-06-20,CHO_DUYET,thiếu barcode,,d2233254-9b3e-49f0-abb7-7ae7b90c6225
BGTM01936,THUNG,,02KK00420,Mì Kokomi 90 Hương Vị Sườn_90g/gói,30 gói x 90g/thùng,MHP,MHP - Nhà máy Masan Hải Dương - MHD,001:2026/MHP,Viet Nam,2026-08-18,CHO_DUYET,cùng mã PKG đăng ký nhiều barcode: 18936236473723 (2026-08-18) / 18936245760012 (2026-09-11),,c772af3d-ed56-4079-83b6-0a1890a1049c
BGTM01938,THUNG,,02KK00320,Mì Kokomi 75 hương vị Bò Hầm Rau Thơm 75g/ gói,30 gói x 75g/ thùng,MHP,MHP - Nhà máy Masan Hải Dương - MHD,003:2026/MHP,Viet Nam,2026-09-12,CHO_DUYET,cùng mã PKG đăng ký nhiều barcode: 18936236474294 (2026-09-07) / 18936245760036 (2026-09-12),,2d6a1ef6-41b7-48bd-b903-f57e0f77e660
BGTM01939,THUNG,,02KK00509,Mì Kokomi 75 hương vị Canh Chua Hải Sản (30+2 gói x 75g/thùng),30+2 gói x 75g/thùng,MHP,MHP - Nhà máy Masan Hải Dương - MHD,004:2026/MHD,Viet Nam,2026-09-14,CHO_DUYET,cùng mã PKG đăng ký nhiều barcode: 28936236473850 (2026-08-21) / 28936245760026 (2026-09-14),,3935cc48-11c6-42bb-a3ad-1fb94660cdb6
BGTM01941,THUNG,18936245760029,02KK00483,Mì Kokomi 75 hương vị Canh Chua Hải Sản 75g/ gói,30 gói x75g/ thùng,MHP,MHP - Nhà máy Masan Hải Dương - MHD,004:2026/MHD,Viet Nam,2026-09-12,DA_DUYET,,,f3871e79-7db2-4a13-9fd0-915b9f53be6f
BGTM02003,THUNG,18936245760043,02KK00313,Mì Kokomi 65 tôm chua cay (65g/gói),30 gói x 65g/ thùng,MHP,MHP - Nhà máy Masan Hải Dương - MHD,002:2026/MHD,Viet Nam,2026-09-15,DA_DUYET,,,356ab03f-1676-4689-8d3f-0d221c5402f6
BGTM02007,THUNG,18936245760043,02KK00313,Mì Kokomi 65 tôm chua cay (65g/gói),30 gói x 65g/ thùng,MHP,MHP - Nhà máy Masan Hải Dương - MHD,002:2026/MHD,Viet Nam,2026-09-15,DA_DUYET,,,356ab03f-1676-4689-8d3f-0d221c5402f6
BGTM02016,THUNG,18936245760005,02KK00481,Kokomi 75 mì hương vị Tôm chua cay chanh ớt 75g/gói,30 gói x75g/thùng,MHP,MHP - Nhà máy Masan Hải Dương - MHD,007:2026/MHD,Viet Nam,2026-09-11,DA_DUYET,,,44bf831c-f890-40b0-acf2-e1aa8bfd61b6
BNTU01693,DON_VI,8936236472330,03HG00257,Hạt nêm CHIN-SU Ngọt Thanh Xương Hầm Cô Đặc mới MB_400gr/ gói,400g/ gói,MHP,MHP - Nhà máy Masan Hải Dương - MHD,77:2026/MS102,Viet Nam,2026-06-04,DA_DUYET,,,e3bfce5c-96f8-4915-b0dd-4bc5365e0dd6
BNTU01695,DON_VI,8936236472378,03HG00259,Hạt nêm CHIN-SU Ngọt Thanh Xương Hầm Cô Đặc mới MB_900gr/ gói,900g/ gói,MHP,MHP - Nhà máy Masan Hải Dương - MHD,77:2026/MS102,Viet Nam,2026-06-04,DA_DUYET,,,37cdbb1c-e105-4207-b11e-0404f2128db3
BNTU01697,DON_VI,8936236472392,97HG00021,Hạt nêm CHIN-SU Ngọt Thanh Xương Hầm Cô Đặc mới MB_170gr/ gói,170g/ gói,MHP,MHP - Nhà máy Masan Hải Dương - MHD,77:2026/MS102,Viet Nam,2026-06-04,DA_DUYET,,,a959bade-c957-465b-8b1a-97d788d5ff5c
BNTU01720,DON_VI,8936236472842,03HG00261,Hạt nêm CHIN-SU FOODS Xương Thịt Củ Sen mới_1kg/ gói,1kg/ gói,MHP,MHP - Nhà máy Masan Hải Dương - MHD,22:2026/MS102,Viet Nam,2026-06-09,DA_DUYET,,,6e017e3f-b4cc-4338-9b06-af649cbcadda
BNTU01767,DON_VI,,03HG00270,CHIN-SU HẠT NÊM VỊ NGỌT TÔM THƠM THỊT_500g/ gói (MHD),500g/ gói,MHP,MHP - Nhà máy Masan Hải Dương - MHD,006:2026/MHD,Viet Nam,2026-09-21,CHO_DUYET,cùng mã PKG đăng ký nhiều barcode: 8936236474099 (2026-08-25) / 8936245760060 (2026-09-21),,b67d0969-77ff-49eb-8e89-eb83f1344a41
BNTU01769,DON_VI,,03HG00272,CHIN-SU HẠT NÊM VỊ NGỌT TÔM THƠM THỊT_900g/ gói (MHD),900g/ gói,MHP,MHP - Nhà máy Masan Hải Dương - MHD,006:2026/MHD,Viet Nam,2026-09-21,CHO_DUYET,cùng mã PKG đăng ký nhiều barcode: 8936236474105 (2026-08-25) / 8936245760077 (2026-09-21),,2207271e-aa0f-4811-9f6a-c74164ebecfc
BNTU01771,DON_VI,,03HG00274,HẠT NÊM CHIN-SU VỊ NGỌT TÔM THƠM THỊT MỚI_1.8kg/ gói,1.8kg/ gói,MHP,MHP - Nhà máy Masan Hải Dương - MHD,005:2026/MHD,Viet Nam,2026-09-21,CHO_DUYET,cùng mã PKG đăng ký nhiều barcode: 8936236474129 (2026-08-25) / 8936245760053 (2026-09-21),,32e86266-a8ed-4b44-8cb3-18f7d22f4bb5
04MS02272,DON_VI,8936236472255,01PH00176,Chin-su Phở Story Phở bò gói_77g/ gói,77g/ gói,MIP,"MIP - CÔNG TY TNHH MTV CÔNG NGHIỆP MASAN, MBP - Nhà máy Masan Miền Bắc - MMB",43:2026/MS101,Viet Nam,2026-04-29,DA_DUYET,,,280d2105-66e6-4883-935e-4ba01a36ffb3
04MS02275,DON_VI,,01PH00177,CHIN-SU PHỞ STORY PHỞ BÒ - BẮP BÒ NGUYÊN MIẾNG_135 g/ gói,135g/ gói,MIP,MIP - CÔNG TY TNHH MTV CÔNG NGHIỆP MASAN,002:2026/MSI,Viet Nam,2026-04-29,CHO_DUYET,cùng mã PKG đăng ký nhiều barcode: 8936236472262 (2026-04-29) / 8936007570067 (2026-09-14),,1366adc0-1eea-40bc-8930-c034608be54f
04MS02287,DON_VI,8936236472293,02OM00951,Mì khoai tây Omachi hương vị hải sản chua cay_80g/ gói,80g/ gói,MIP,"MIP - CÔNG TY TNHH MTV CÔNG NGHIỆP MASAN, MBP - Nhà máy Masan Miền Bắc - MMB",49:2026/MS101,Viet Nam,2026-05-05,DA_DUYET,,,dafea125-61b8-4e81-8823-999871566ad5
04MS02324,DON_VI,8936236472941,02OM00995,Omachi instant noodles - Rib soup style_79g/ gói,79g/ gói,MIP,MIP - CÔNG TY TNHH MTV CÔNG NGHIỆP MASAN,72:2025/MS101,Russia,2026-06-12,DA_DUYET,,,d34c8281-a21c-483d-b801-1ad3f693e29c
04MS02386,DON_VI,8936007570388,01PH00184,CHIN-SU Pho Story Pho chicken flavor_64g/ gói,64g/ gói,MIP,MIP - CÔNG TY TNHH MTV CÔNG NGHIỆP MASAN,086:2026/MSI,China,2026-09-26,DA_DUYET,,,684b94f9-75d6-4b21-a49b-da63b5761dc2
04MS02387,DON_VI,8936007570357,01PH00185,CHIN-SU Pho Story Pho beef flavor_68g/ gói,68g/ gói,MIP,MIP - CÔNG TY TNHH MTV CÔNG NGHIỆP MASAN,084:2026/MSI,China,2026-09-26,DA_DUYET,,,a355529d-191c-4c2a-832d-ca52804841af
04MS02388,DON_VI,8936007570425,02KK00507,Kokomi Instant Noodles Sour And Hot Shrimp Flavor_65g/ gói,65g/ gói,MIP,MIP - CÔNG TY TNHH MTV CÔNG NGHIỆP MASAN,088:2026/MSI,China,2026-09-26,DA_DUYET,,,59963500-3968-4e07-84c5-e1ae96884b3f
04MS02389,DON_VI,8936007570449,02KK00508,Kokomi Instant Noodles Chicken & Mushroom Flavor_65g/ gói,65g/ gói,MIP,MIP - CÔNG TY TNHH MTV CÔNG NGHIỆP MASAN,090:2026/MSI,China,2026-09-26,DA_DUYET,,,d340b4e5-b1ac-4087-8e21-edc479d4d020
04MS02430,DON_VI,8936007570111,02OM00338,Mì khoai tây Omachi Sườn hầm ngũ quả_80g/ gói,80g/ gói,MIP,MIP - CÔNG TY TNHH MTV CÔNG NGHIỆP MASAN,039:2026/MSI,Viet Nam,2026-09-16,DA_DUYET,,,5dd7e35d-c54f-4758-875a-254cbff7f37f
04MS02433,DON_VI,8936007570128,02OM00770,Mì khoai tây Omachi xốt Bò hầm_81g/ gói,81g/ gói,MIP,MIP - CÔNG TY TNHH MTV CÔNG NGHIỆP MASAN,038:2026/MSI,Viet Nam,2026-09-16,DA_DUYET,,,48178549-9cf0-4ea3-bfd7-37adc06c183f
04MS02445,DON_VI,8936007570166,02OM00969,Mì khoai tây Omachi Special bò hầm xốt vang_93g/ gói,93g/ gói,MIP,MIP - CÔNG TY TNHH MTV CÔNG NGHIỆP MASAN,040:2026/MSI,Viet Nam,2026-09-16,DA_DUYET,,,ec190e3e-1a8e-4d34-9da5-0117dfa1603c
04MS02458,DON_VI,8936007570104,02KK00313,Mì Kokomi 65 tôm chua cay_65g/ gói,65g/ gói,MIP,MIP - CÔNG TY TNHH MTV CÔNG NGHIỆP MASAN,019:2026/MSI,Viet Nam,2026-09-15,DA_DUYET,,,84e8de90-d113-4380-9c55-a7a26fc257b2
04MS02484,DON_VI,8936007570333,02KK00511,Mì Kokomi gà hương nấm XK Taiwan (Fullerton)_65gr/ gói,65gr/ gói,MIP,MIP - CÔNG TY TNHH MTV CÔNG NGHIỆP MASAN,090:2026/MSI,Taiwan,2026-09-25,DA_DUYET,,,97bf1a62-0a9d-4726-90ce-314ca84a7315
04VF01044,DON_VI,8936236474136,03NM00978,CHIN-SU Fish sauce_500ml/ chai,500ml/ chai,MIP,MIP - CÔNG TY TNHH MTV CÔNG NGHIỆP MASAN,109:2026/MS102,South Korea,2026-08-25,DA_DUYET,,,8cdc12f4-8675-44f7-b8b2-20b9f561a1d3
BGHO00290,DON_VI,8936236472750,02OM00857,MÌ KHOAI TÂY OMACHI MÌ LY XỐT BÒ HẦM_69g/ ly,69g/ ly,MIP,"MIP - CÔNG TY TNHH MTV CÔNG NGHIỆP MASAN, MBP - Nhà máy Masan Miền Bắc - MMB",64:2026/MS101,Viet Nam,2026-06-03,DA_DUYET,,,3c1d3d8e-8d48-4abe-9693-795ce3a6d1ea
BGHO00313,DON_VI,8936236472286,02OM00447,MÌ KHOAI TÂY OMACHI MÌ TÔ TRỘN XỐT SPAGHETTI_105g/ tô,105g/ tô,MIP,MIP - CÔNG TY TNHH MTV CÔNG NGHIỆP MASAN,51:2026/MS101,Viet Nam,2026-05-05,DA_DUYET,,,4ea0f851-a13f-4b26-86a4-5184dd8bae6a
BGHO00325,DON_VI,,01PH00080,CHIN-SU PHỞ STORY PHỞ BÒ - BẮP BÒ NGUYÊN MIẾNG_135g/ tô,135g/ tô,MIP,MIP - CÔNG TY TNHH MTV CÔNG NGHIỆP MASAN,002:2026/MSI,Viet Nam,2026-04-29,CHO_DUYET,cùng mã PKG đăng ký nhiều barcode: 8936236472279 (2026-04-29) / 8936007570074 (2026-09-14),,38ebede3-ae06-481c-890c-8f4c7c7f9dd6
BGHO00331,DON_VI,8936007570296,02OM00773,Mì khoai tây Omachi Mì tô hương vị tôm càng chua cay_92g/ tô,92g/ tô,MIP,MIP - CÔNG TY TNHH MTV CÔNG NGHIỆP MASAN,011:2026/MSI,Viet Nam,2026-09-23,DA_DUYET,,,2a7710aa-775a-410b-b432-7359a0e37172
BGHO00332,DON_VI,8936007570227,02OM00774,Mì khoai tây Omachi mì tô sườn hầm ngũ quả_96g/ tô,96g/ tô,MIP,MIP - CÔNG TY TNHH MTV CÔNG NGHIỆP MASAN,012:2026/MSI,Viet Nam,2026-09-18,DA_DUYET,,,4850251e-9599-4309-b523-5cfaf15da55e
BGHO00333,DON_VI,,02OM00775,MÌ KHOAI TÂY OMACHI MÌ TÔ XỐT BÒ HẦM_93g/ tô,93g/ tô,MIP,"MIP - CÔNG TY TNHH MTV CÔNG NGHIỆP MASAN, MBP - Nhà máy Masan Miền Bắc - MMB",63:2026/MS101,Viet Nam,2026-06-03,CHO_DUYET,cùng mã PKG đăng ký nhiều barcode: 8936236472743 (2026-06-03) / 8936007570197 (2026-09-18),,0cd1f7dc-29f6-4fe7-9d91-639c8a84b2ac
BGHO00338,DON_VI,8936236472828,01NU00001,Omachi nui trộn xốt spaghetti_87g/ hộp,87g/ hộp,MIP,MIP - CÔNG TY TNHH MTV CÔNG NGHIỆP MASAN,79:2026/MS101,Viet Nam,2026-06-09,DA_DUYET,,,3947a198-9409-4fdd-803c-4643960439a5
BGHO00353,DON_VI,8936007570401,01PH00186,CHIN-SU Pho Story Pho chicken flavor_77g/ tô,77g/ tô,MIP,MIP - CÔNG TY TNHH MTV CÔNG NGHIỆP MASAN,087:2026/MSI,China,2026-09-26,DA_DUYET,,,adfbb8a3-6047-4653-abcb-b18534bcf7b9
BGHO00354,DON_VI,8936007570371,01PH00187,CHIN-SU Pho Story Pho beef flavor_81g/ tô,81g/ tô,MIP,MIP - CÔNG TY TNHH MTV CÔNG NGHIỆP MASAN,085:2026/MSI,China,2026-09-26,DA_DUYET,,,984d97a9-15d9-4e6a-84fc-54d23204bd39
BGHO00355,DON_VI,8936236474037,03HH00054,"""HỘP QUÀ TẾT CHIN-SU 2027_5 sản phẩm/ hộp gồm: 1/ Chin-su Tương ớt_1 chai x 250g2/ Nước mắm hương cá hồi Chin-su_1 chai x 500ml3/ Nước tương Chin-Su ủ tự nhiên 120 ngày_1 chai x 300ml4/ Chin-su Xốt muối ớt xanh_1 chai x 200g5/ Chin-su Xốt muối ớt đỏ_1 chai x 200g""",5 sản phẩm/ hộp,MIP,MIP - CÔNG TY TNHH MTV CÔNG NGHIỆP MASAN,"1/ 003:2026/MSI, 2/ 54:2026/MS102, 3/ 122:2024/MS102, 4/ 108:2026/MS102, 5/ BS sau",Viet Nam,2026-08-25,DA_DUYET,,,23f330e8-cc1f-4e28-8239-531aa478b4b6
BGHO00362,DON_VI,8936007570005,02OM1020,OMACHI CHILI GOD INSTANT NOODLES – SINGAPORE CHILI CRAB FLAVOR_96g/ tô (XK Cambodia),96g/tô,MIP,MIP - CÔNG TY TNHH MTV CÔNG NGHIỆP MASAN,049:2026/MSI,Cambodia,2026-09-10,DA_DUYET,,,109d13c0-c3d8-4a35-82fb-d62d81503227
BGHO00363,DON_VI,8936236473467,03HH00063,Tương Ớt CHIN-SU Original XK Korea (Hyosung)_3 chai x 500g/ hộp,3 chai x 500g/ hộp,MIP,MIP - CÔNG TY TNHH MTV CÔNG NGHIỆP MASAN,31:2023/MS102,South Korea,2026-08-11,DA_DUYET,,,d433e636-8fae-4c63-ae33-5c89f4010444
BGHO00364,DON_VI,8936007570036,02OM00897,Hộp đồ ăn Omachi Quán Xá Châu Á - Mì bò_95g/ hộp,95g/ hộp,MIP,MIP - CÔNG TY TNHH MTV CÔNG NGHIỆP MASAN,035:2026/MSI,Viet Nam,2026-09-12,DA_DUYET,,,ee7389e3-e39c-452a-9440-55c64cdb92f2
BGHO00365,DON_VI,8936007570043,02OM01021,Hộp đồ ăn Omachi Quán xá Châu Á - Mì vị tomyum_98g/ hộp,98g/ hộp,MIP,MIP - CÔNG TY TNHH MTV CÔNG NGHIỆP MASAN,036:2026/MSI,Viet Nam,2026-09-12,DA_DUYET,,,62c1de9e-2c6e-4dbf-90e2-a41421577111
BGHO00366,DON_VI,8936007570050,02OM00905,Hộp đồ ăn Omachi Quán xá Châu Á - Mì vị miso hải sản_96g/ hộp,96g/ hộp,MIP,MIP - CÔNG TY TNHH MTV CÔNG NGHIỆP MASAN,037:2026/MSI,Viet Nam,2026-09-12,DA_DUYET,,,8d8abc85-0cd9-4d0f-8b2a-684ca5fa14a1
BGHO00369,DON_VI,8936236474211,03HH00065,"Combo Nam Ngư Tết _2 chai/ hộp, gồm (1chai NM Nam Ngư chai thủy tinh MB 500ml + 1chai NC Nam Ngư ớt tỏi Lý Sơn MB 300ml)",2 chai/ hộp,MIP,MIP - CÔNG TY TNHH MTV CÔNG NGHIỆP MASAN,"NMNN: 032:2026/MSI, OTLS: 48:2025/MS102",Viet Nam,2026-08-28,DA_DUYET,,,3f452849-4d65-4678-8c1f-ca450d738a1f
BGHO00370,DON_VI,8936236474174,03HH00066,"""Hộp combo Nam Ngư Tết_ 3 chai x 300ml/ combo gồm1/ Nước chấm Nam Ngư ớt tỏi Lý Sơn MN _300ml/ chai2/ Nước chấm Nam Ngư Pha Sẵn Tinh Tế chấm lẩu-hấp_300ml/ chai3/ Nước chấm Nam Ngư Pha Sẵn Tinh Tế chấm chiên-nướng _300ml/ chai""",3 chai x 300ml/ hộp,MIP,MIP - CÔNG TY TNHH MTV CÔNG NGHIỆP MASAN,"OTLS: 48:2025/MS102, NNTT chấm lẩu hấp: 46:2026/MS102, NNTT chấm chiên nướng: 47:2026/MS102",Viet Nam,2026-08-27,DA_DUYET,,,b014f106-1ed0-494e-9b46-a1e08e7ee6fc
BGHO00371,DON_VI,8936236474181,03HH00067,"""Hộp combo Nam Ngư Tết_ 3 chai x 300ml/ combo gồm1/ Nước chấm Nam Ngư ớt tỏi Lý Sơn MB _300ml/ chai2/ Nước chấm Nam Ngư Pha Sẵn Tinh Tế chấm lẩu-hấp_300ml/ chai3/ Nước chấm Nam Ngư Pha Sẵn Tinh Tế chấm chiên-nướng _300ml/ chai""",3 chai x 300ml/ hộp,MIP,MIP - CÔNG TY TNHH MTV CÔNG NGHIỆP MASAN,"OTLS: 48:2025/MS102, NNTT chấm lẩu hấp: 46:2026/MS102, NNTT chấm chiên nướng: 47:2026/MS102",Viet Nam,2026-08-27,DA_DUYET,,,e67a2977-6fb1-462f-9cf4-6c866dabd785
BGHO00373,DON_VI,8936236474167,03HH00069,"""Hộp quà CHIN-SU TƯƠNG ỚT MỚI (MB) 500g vàNƯỚC MẮM HƯƠNG CÁ HỒI CHIN-SU 500ml""",1 chai TO 500g + 1 chai NM 500ml/ hộp,MIP,MIP - CÔNG TY TNHH MTV CÔNG NGHIỆP MASAN,"TO: 04:2026/MSI, NM: 54:2026/MS102",Viet Nam,2026-08-26,DA_DUYET,,,4165526d-3ce2-42e3-9738-08ffdf1714a3
BGHO00384,DON_VI,8936007570081,02OM00940,Mì khoai tây Omachi Mì Tô Trộn Cua Xốt Ớt_96g/ tô,96g/ tô,MIP,MIP - CÔNG TY TNHH MTV CÔNG NGHIỆP MASAN,062:2026/MSI,Viet Nam,2026-09-15,DA_DUYET,,,c70d8750-bdd2-4685-961c-4c180a3e1969
BGHO00386,DON_VI,8936007570265,02OM00785,Mì khoai tây Omachi mì tô trộn hương vị thịt xiên nướng_104g/ tô,104g/ tô,MIP,MIP - CÔNG TY TNHH MTV CÔNG NGHIỆP MASAN,001:2026/MSI,Viet Nam,2026-09-22,DA_DUYET,,,a392429f-eed6-430b-b0cb-6ca8c93d1602
BGNA01760,DON_VI,8936236473375,03NM00943,Nước mắm Nam Ngư Nhãn Vàng (QR)_900ml/ chai,900ml/ chai,MIP,MIP - CÔNG TY TNHH MTV CÔNG NGHIỆP MASAN,53:2022/MS102,Viet Nam,2026-07-22,DA_DUYET,,,eec8b131-3c01-40eb-bea2-6d40d69c8357
BGNA01761,DON_VI,8936236473375,03NM00943,Nước mắm Nam Ngư Nhãn Vàng (QR)_900ml/ chai,900ml/ chai,MIP,MIP - CÔNG TY TNHH MTV CÔNG NGHIỆP MASAN,53:2022/MS102,Viet Nam,2026-07-22,DA_DUYET,,,eec8b131-3c01-40eb-bea2-6d40d69c8357
BGNA01765,DON_VI,8936236473368,03NM00942,Nước mắm Nam Ngư Nhãn Vàng (QR)_650ml/ chai,650ml/ chai,MIP,MIP - CÔNG TY TNHH MTV CÔNG NGHIỆP MASAN,53:2022/MS102,Viet Nam,2026-07-22,DA_DUYET,,,ab48aa30-4306-46f5-9a2c-4289e7706ad4
BGNA01766,DON_VI,8936236473368,03NM00942,Nước mắm Nam Ngư Nhãn Vàng (QR)_650ml/ chai,650ml/ chai,MIP,MIP - CÔNG TY TNHH MTV CÔNG NGHIỆP MASAN,53:2022/MS102,Viet Nam,2026-07-22,DA_DUYET,,,ab48aa30-4306-46f5-9a2c-4289e7706ad4
BGNA01772,DON_VI,8936236472200,03NM00928,CHIN-SU NƯỚC MẮM HƯƠNG CÁ HỒI-500ml/chai,500ml/chai,MIP,MIP - CÔNG TY TNHH MTV CÔNG NGHIỆP MASAN,54:2026/MS102,Viet Nam,2026-04-25,DA_DUYET,,,9ec9735f-45db-41ef-b5b2-ede2fc76a56b
BGNA01780,DON_VI,8936236473948,03NM00930,CHIN-SU Nước mắm (Độ đạm ≥ 40 gN/L)_500ml/ chai thủy tinh,500ml/ chai thủy tinh,MIP,MIP - CÔNG TY TNHH MTV CÔNG NGHIỆP MASAN,046:2026/MSI,Viet Nam,2026-08-22,DA_DUYET,,,7cf1a943-68dd-41a6-bebb-f07923886efd
BGNA01781,DON_VI,8936236473948,03NM00930,CHIN-SU Nước mắm (Độ đạm ≥ 40 gN/L)_500ml/ chai thủy tinh,500ml/ chai thủy tinh,MIP,MIP - CÔNG TY TNHH MTV CÔNG NGHIỆP MASAN,046:2026/MSI,Viet Nam,2026-08-22,DA_DUYET,,,7cf1a943-68dd-41a6-bebb-f07923886efd
BGNA01793,DON_VI,8936236473092,03NM00937,Nước chấm Nam Ngư Siêu tiết kiệm Mới_1.8L/ chai,1.8L/ chai,MIP,MIP - CÔNG TY TNHH MTV CÔNG NGHIỆP MASAN,78:2026/MS102,Viet Nam,2026-06-16,DA_DUYET,,,79d42c8a-6660-4791-bc95-47ae9cc7b4e9
BGNA01794,DON_VI,8936236473115,03NM00938,Nước chấm Nam Ngư Siêu tiết kiệm Mới_4 8L/ can,4.8L/ can,MIP,MIP - CÔNG TY TNHH MTV CÔNG NGHIỆP MASAN,78:2026/MS102,Viet Nam,2026-06-16,DA_DUYET,,,bf4ca2d6-b6d6-4d5f-8e0d-1c99ddc51390
BGNA01826,DON_VI,8936236473108,03NM00941,Nước chấm Nam Ngư Siêu tiết kiệm Mới_1L/ chai,1L/ chai,MIP,MIP - CÔNG TY TNHH MTV CÔNG NGHIỆP MASAN,78:2026/MS102,Viet Nam,2026-06-16,DA_DUYET,,,25b376f7-e9e9-48f3-b17d-00681e45bc1e
BGNA01856,DON_VI,8936236472903,99NM00022,Nước mắm Nam Ngư chai thủy tinh_50ml/ chai,50ml/ chai,MIP,MIP - CÔNG TY TNHH MTV CÔNG NGHIỆP MASAN,75:2025/MS102,Viet Nam,2026-06-12,DA_DUYET,,,97fa89e5-2bde-4785-9516-a1d9413dac58
BGNA01857,DON_VI,8936236472903,99NM00022,Nước mắm Nam Ngư chai thủy tinh_50ml/ chai,50ml/ chai,MIP,MIP - CÔNG TY TNHH MTV CÔNG NGHIỆP MASAN,75:2025/MS102,Viet Nam,2026-06-12,DA_DUYET,,,97fa89e5-2bde-4785-9516-a1d9413dac58
BGNA01860,DON_VI,8936236472897,03NM00774,Nước mắm Chin-su (Hàm lượng Nitơ tổng số ≥ 22 g/L)_330ml/ chai,330ml/ chai,MIP,MIP - CÔNG TY TNHH MTV CÔNG NGHIỆP MASAN,54:2022/MS102,Viet Nam,2026-06-12,DA_DUYET,,,6cc8bddc-850d-4573-9bc2-14678d39a5e6
BGNA01862,DON_VI,8936236472927,03NM00966,Nam Ngư Fish sauce XK Indonesia_750ml/ chai,750ml/ chai,MIP,"MSI, MIP - CÔNG TY TNHH MTV CÔNG NGHIỆP MASAN",75:2026/MS102,Indonesia,2026-06-12,DA_DUYET,,,7156a347-89a9-42b7-975d-09ea14d912e8
BGNA01863,DON_VI,8936236472927,03NM00966,Nam Ngư Fish sauce XK Indonesia_750ml/ chai,750ml/ chai,MIP,"MSI, MIP - CÔNG TY TNHH MTV CÔNG NGHIỆP MASAN",75:2026/MS102,Indonesia,2026-06-12,DA_DUYET,,,7156a347-89a9-42b7-975d-09ea14d912e8
BGNA01864,DON_VI,8936236473009,03NM00967,Nước chấm Nam Ngư pha sẵn tinh tế trộn gỏi-nộm MN_300ml/ chai,300ml/ chai,MIP,MIP - CÔNG TY TNHH MTV CÔNG NGHIỆP MASAN,45:2026/MS102,Viet Nam,2026-06-16,DA_DUYET,,,f37cc271-081a-4584-a273-427a3458c074
BGNA01865,DON_VI,8936236473009,03NM00967,Nước chấm Nam Ngư pha sẵn tinh tế trộn gỏi-nộm MN_300ml/ chai,300ml/ chai,MIP,MIP - CÔNG TY TNHH MTV CÔNG NGHIỆP MASAN,45:2026/MS102,Viet Nam,2026-06-16,DA_DUYET,,,f37cc271-081a-4584-a273-427a3458c074
BGNA01866,DON_VI,8936236473016,03NM00968,Nước chấm Nam Ngư pha sẵn tinh tế trộn nộm-gỏi MB_300ml/ chai,300ml/ chai,MIP,MIP - CÔNG TY TNHH MTV CÔNG NGHIỆP MASAN,55:2026/MS102,Viet Nam,2026-06-16,DA_DUYET,,,87c46140-5641-452a-9fba-e6212ad35273
BGNA01867,DON_VI,8936236473016,03NM00968,Nước chấm Nam Ngư pha sẵn tinh tế trộn nộm-gỏi MB_300ml/ chai,300ml/ chai,MIP,MIP - CÔNG TY TNHH MTV CÔNG NGHIỆP MASAN,55:2026/MS102,Viet Nam,2026-06-16,DA_DUYET,,,87c46140-5641-452a-9fba-e6212ad35273
BGNA01868,DON_VI,8936236473023,03NM00969,Nước chấm Nam Ngư pha sẵn tinh tế chấm chiên-nướng_300ml/ chai,300ml/ chai,MIP,MIP - CÔNG TY TNHH MTV CÔNG NGHIỆP MASAN,47:2026/MS102,Viet Nam,2026-06-16,DA_DUYET,,,1d837641-2a57-4868-ac31-c66f2083f926
BGNA01869,DON_VI,8936236473023,03NM00969,Nước chấm Nam Ngư pha sẵn tinh tế chấm chiên-nướng_300ml/ chai,300ml/ chai,MIP,MIP - CÔNG TY TNHH MTV CÔNG NGHIỆP MASAN,47:2026/MS102,Viet Nam,2026-06-16,DA_DUYET,,,1d837641-2a57-4868-ac31-c66f2083f926
BGNA01870,DON_VI,8936236473030,03NM00970,Nước chấm Nam Ngư pha sẵn tinh tế chấm lẩu-hấp_300ml/ chai,300ml/ chai,MIP,MIP - CÔNG TY TNHH MTV CÔNG NGHIỆP MASAN,46:2026/MS102,Viet Nam,2026-06-16,DA_DUYET,,,9b59865a-ef62-4ffc-80c8-aab7bd798f83
BGNA01871,DON_VI,8936236473030,03NM00970,Nước chấm Nam Ngư pha sẵn tinh tế chấm lẩu-hấp_300ml/ chai,300ml/ chai,MIP,MIP - CÔNG TY TNHH MTV CÔNG NGHIỆP MASAN,46:2026/MS102,Viet Nam,2026-06-16,DA_DUYET,,,9b59865a-ef62-4ffc-80c8-aab7bd798f83
BGNA01872,DON_VI,8936236473047,97NM00067,Nước chấm Nam Ngư pha sẵn tinh tế trộn gỏi-nộm MN_100ml/ chai,100ml/ chai,MIP,MIP - CÔNG TY TNHH MTV CÔNG NGHIỆP MASAN,45:2026/MS102,Viet Nam,2026-06-16,DA_DUYET,,,9c2b777d-a210-47ae-9f0b-a25100b5e439
BGNA01873,DON_VI,8936236473047,97NM00067,Nước chấm Nam Ngư pha sẵn tinh tế trộn gỏi-nộm MN_100ml/ chai,100ml/ chai,MIP,MIP - CÔNG TY TNHH MTV CÔNG NGHIỆP MASAN,45:2026/MS102,Viet Nam,2026-06-16,DA_DUYET,,,9c2b777d-a210-47ae-9f0b-a25100b5e439
BGNA01874,DON_VI,8936236473054,97NM00068,Nước chấm Nam Ngư pha sẵn tinh tế trộn nộm-gỏi MB_100ml/ chai,100ml/ chai,MIP,MIP - CÔNG TY TNHH MTV CÔNG NGHIỆP MASAN,55:2026/MS102,Viet Nam,2026-06-16,DA_DUYET,,,89f68006-3117-476f-a77d-bac7e37ed710
BGNA01875,DON_VI,8936236473054,97NM00068,Nước chấm Nam Ngư pha sẵn tinh tế trộn nộm-gỏi MB_100ml/ chai,100ml/ chai,MIP,MIP - CÔNG TY TNHH MTV CÔNG NGHIỆP MASAN,55:2026/MS102,Viet Nam,2026-06-16,DA_DUYET,,,89f68006-3117-476f-a77d-bac7e37ed710
BGNA01876,DON_VI,8936236473061,97NM00069,Nước chấm Nam Ngư pha sẵn tinh tế chấm chiên-nướng_100ml/ chai,100ml/ chai,MIP,MIP - CÔNG TY TNHH MTV CÔNG NGHIỆP MASAN,47:2026/MS102,Viet Nam,2026-06-16,DA_DUYET,,,02910054-8e74-4b96-abe3-f2fae2e4ed0f
BGNA01877,DON_VI,8936236473061,97NM00069,Nước chấm Nam Ngư pha sẵn tinh tế chấm chiên-nướng_100ml/ chai,100ml/ chai,MIP,MIP - CÔNG TY TNHH MTV CÔNG NGHIỆP MASAN,47:2026/MS102,Viet Nam,2026-06-16,DA_DUYET,,,02910054-8e74-4b96-abe3-f2fae2e4ed0f
BGNA01878,DON_VI,8936236473078,97NM00070,Nước chấm Nam Ngư pha sẵn tinh tế trộn gỏi-nộm MN_100ml/ chai,100ml/ chai,MIP,MIP - CÔNG TY TNHH MTV CÔNG NGHIỆP MASAN,46:2026/MS102,Viet Nam,2026-06-16,DA_DUYET,,,5de9bb37-ecdc-4d12-974a-d72366d22c89
BGNA01879,DON_VI,8936236473078,97NM00070,Nước chấm Nam Ngư pha sẵn tinh tế trộn gỏi-nộm MN_100ml/ chai,100ml/ chai,MIP,MIP - CÔNG TY TNHH MTV CÔNG NGHIỆP MASAN,46:2026/MS102,Viet Nam,2026-06-16,DA_DUYET,,,5de9bb37-ecdc-4d12-974a-d72366d22c89
BGNA01886,DON_VI,8936236472972,97NM00059,Nước mắm Chin-su (Hàm lượng Nitơ tổng số ≥ 22 g/L)_150ml/ chai,150ml/ chai,MIP,MIP - CÔNG TY TNHH MTV CÔNG NGHIỆP MASAN,54:2022/MS102,Viet Nam,2026-06-12,DA_DUYET,,,77d300be-4520-4593-a577-558934f657a9
BGNA01887,DON_VI,8936236472972,97NM00059,Nước mắm Chin-su (Hàm lượng Nitơ tổng số ≥ 22 g/L)_150ml/ chai,150ml/ chai,MIP,MIP - CÔNG TY TNHH MTV CÔNG NGHIỆP MASAN,54:2022/MS102,Viet Nam,2026-06-12,DA_DUYET,,,77d300be-4520-4593-a577-558934f657a9
BGNA01896,DON_VI,8936236473900,03NM00929,CHIN-SU NƯỚC MẮM (HÀM LƯỢNG NITƠ TỔNG SỐ ≥ 22 g/L)_720ml/ chai thủy tinh,720ml/ chai thủy tinh,MIP,MIP - CÔNG TY TNHH MTV CÔNG NGHIỆP MASAN,045:2026/MSI,Viet Nam,2026-08-22,DA_DUYET,,,eff379e4-9feb-4d22-9f68-8cf5bd10973c
BGNA01898,DON_VI,8936236473900,03NM00929,CHIN-SU NƯỚC MẮM (HÀM LƯỢNG NITƠ TỔNG SỐ ≥ 22 g/L)_720ml/ chai thủy tinh,720ml/ chai thủy tinh,MIP,MIP - CÔNG TY TNHH MTV CÔNG NGHIỆP MASAN,045:2026/MSI,Viet Nam,2026-08-22,DA_DUYET,,,eff379e4-9feb-4d22-9f68-8cf5bd10973c
BGNA01903,DON_VI,8936236473474,03NM00881,Nước mắm Nam Ngư _500ml/ chai,500ml/ chai,MIP,MIP - CÔNG TY TNHH MTV CÔNG NGHIỆP MASAN,032:2026/MSI,Viet Nam,2026-08-17,DA_DUYET,,,e0cbc62d-a92c-4e1f-bd17-17516784e724
BGNA01904,DON_VI,8936236473474,03NM00881,Nước mắm Nam Ngư _500ml/ chai,500ml/ chai,MIP,MIP - CÔNG TY TNHH MTV CÔNG NGHIỆP MASAN,032:2026/MSI,Viet Nam,2026-08-17,DA_DUYET,,,e0cbc62d-a92c-4e1f-bd17-17516784e724
BGNA01915,DON_VI,8936236473504,03NM00882,Nước mắm Nam Ngư _750ml/ chai,750ml/ chai,MIP,MIP - CÔNG TY TNHH MTV CÔNG NGHIỆP MASAN,032:2026/MSI,Viet Nam,2026-08-17,DA_DUYET,,,b3657bb5-8d4a-4cc6-abee-a79ddd588c68
BGNA01916,DON_VI,8936236473504,03NM00882,Nước mắm Nam Ngư _750ml/ chai,750ml/ chai,MIP,MIP - CÔNG TY TNHH MTV CÔNG NGHIỆP MASAN,032:2026/MSI,Viet Nam,2026-08-17,DA_DUYET,,,b3657bb5-8d4a-4cc6-abee-a79ddd588c68
BGNA01919,DON_VI,8936236473535,03NM00883,Nước mắm Nam Ngư _900ml/ chai,900ml/ chai,MIP,MIP - CÔNG TY TNHH MTV CÔNG NGHIỆP MASAN,032:2026/MSI,Viet Nam,2026-08-17,DA_DUYET,,,c7ec4f75-6215-44c1-905c-104ed35432ca
BGNA01920,DON_VI,8936236473535,03NM00883,Nước mắm Nam Ngư _900ml/ chai,900ml/ chai,MIP,MIP - CÔNG TY TNHH MTV CÔNG NGHIỆP MASAN,032:2026/MSI,Viet Nam,2026-08-17,DA_DUYET,,,c7ec4f75-6215-44c1-905c-104ed35432ca
BGNA01925,DON_VI,8936236473559,"03NM00673 (MB), 03NM00886 (MN)",Nước mắm Nam Ngư _1.2L/ chai,1.2L/ chai,MIP,MIP - CÔNG TY TNHH MTV CÔNG NGHIỆP MASAN,032:2026/MSI,Viet Nam,2026-08-17,DA_DUYET,,,84f15ef4-cad5-4882-87f8-37948ba85806
BGNA01926,DON_VI,8936236473559,"03NM00673 (MB), 03NM00886 (MN)",Nước mắm Nam Ngư _1.2L/ chai,1.2L/ chai,MIP,MIP - CÔNG TY TNHH MTV CÔNG NGHIỆP MASAN,032:2026/MSI,Viet Nam,2026-08-17,DA_DUYET,,,84f15ef4-cad5-4882-87f8-37948ba85806
BGNA01929,DON_VI,8936236473894,03NM00790,NƯỚC CHẤM NAM NGƯ ĐỆ NHỊ _900ml/ chai,900ml/ chai,MIP,MIP - CÔNG TY TNHH MTV CÔNG NGHIỆP MASAN,043:2026/MSI,Viet Nam,2026-08-22,DA_DUYET,,,5880e04b-25d9-4f0e-9b97-6fbfd66c4511
BGNA01930,DON_VI,8936236473894,03NM00790,NƯỚC CHẤM NAM NGƯ ĐỆ NHỊ _900ml/ chai,900ml/ chai,MIP,MIP - CÔNG TY TNHH MTV CÔNG NGHIỆP MASAN,043:2026/MSI,Viet Nam,2026-08-22,DA_DUYET,,,5880e04b-25d9-4f0e-9b97-6fbfd66c4511
BGNA01935,DON_VI,8936236473566,"03NM00934 (MN), 03NM00935 (MB)",Nước mắm Nam Ngư chai thủy tinh_500ml/ chai,500ml/ chai,MIP,MIP - CÔNG TY TNHH MTV CÔNG NGHIỆP MASAN,032:2026/MSI,Viet Nam,2026-08-17,DA_DUYET,,,fd3309c2-802b-4d41-b4ca-ea998a322758
BGNA01936,DON_VI,8936236473566,"03NM00934 (MN), 03NM00935 (MB)",Nước mắm Nam Ngư chai thủy tinh_500ml/ chai,500ml/ chai,MIP,MIP - CÔNG TY TNHH MTV CÔNG NGHIỆP MASAN,032:2026/MSI,Viet Nam,2026-08-17,DA_DUYET,,,fd3309c2-802b-4d41-b4ca-ea998a322758
BGNA01937,DON_VI,8936236473566,"03NM00934 (MN), 03NM00935 (MB)",Nước mắm Nam Ngư chai thủy tinh_500ml/ chai,500ml/ chai,MIP,MIP - CÔNG TY TNHH MTV CÔNG NGHIỆP MASAN,032:2026/MSI,Viet Nam,2026-08-17,DA_DUYET,,,fd3309c2-802b-4d41-b4ca-ea998a322758
BGNA01943,DON_VI,8936236473917,03NM00774,CHIN-SU NƯỚC MẮM (HÀM LƯỢNG NITƠ TỔNG SỐ ≥ 22 g/L)_330ml/ chai,330ml/ chai,MIP,MIP - CÔNG TY TNHH MTV CÔNG NGHIỆP MASAN,045:2026/MSI,Viet Nam,2026-08-22,DA_DUYET,,,ac860de6-8eba-4fc5-988c-bc50c3190df5
BGNA01944,DON_VI,8936236473917,03NM00774,CHIN-SU NƯỚC MẮM (HÀM LƯỢNG NITƠ TỔNG SỐ ≥ 22 g/L)_330ml/ chai,330ml/ chai,MIP,MIP - CÔNG TY TNHH MTV CÔNG NGHIỆP MASAN,045:2026/MSI,Viet Nam,2026-08-22,DA_DUYET,,,ac860de6-8eba-4fc5-988c-bc50c3190df5
BGNA01945,DON_VI,8936236473924,97NM00059,CHIN-SU NƯỚC MẮM (HÀM LƯỢNG NITƠ TỔNG SỐ ≥ 22 g/L)_150ml/ chai,150ml/ chai,MIP,MIP - CÔNG TY TNHH MTV CÔNG NGHIỆP MASAN,045:2026/MSI,Viet Nam,2026-08-22,DA_DUYET,,,52d061f3-3728-48a8-9a22-b83f4913a1c0
BGNA01946,DON_VI,8936236473924,97NM00059,CHIN-SU NƯỚC MẮM (HÀM LƯỢNG NITƠ TỔNG SỐ ≥ 22 g/L)_150ml/ chai,150ml/ chai,MIP,MIP - CÔNG TY TNHH MTV CÔNG NGHIỆP MASAN,045:2026/MSI,Viet Nam,2026-08-22,DA_DUYET,,,52d061f3-3728-48a8-9a22-b83f4913a1c0
BGNA01947,DON_VI,8936236473931,97NM00065,CHIN-SU NƯỚC MẮM (HÀM LƯỢNG NITƠ TỔNG SỐ ≥ 22 g/L)_50ml/ chai thủy tinh,50ml/ chai thủy tinh,MIP,MIP - CÔNG TY TNHH MTV CÔNG NGHIỆP MASAN,045:2026/MSI,Viet Nam,2026-08-22,DA_DUYET,,,1aa03d37-8fb4-4368-8e1e-024231ca7e10
BGNA01948,DON_VI,8936236473931,97NM00065,CHIN-SU NƯỚC MẮM (HÀM LƯỢNG NITƠ TỔNG SỐ ≥ 22 g/L)_50ml/ chai thủy tinh,50ml/ chai thủy tinh,MIP,MIP - CÔNG TY TNHH MTV CÔNG NGHIỆP MASAN,045:2026/MSI,Viet Nam,2026-08-22,DA_DUYET,,,1aa03d37-8fb4-4368-8e1e-024231ca7e10
BGNA01949,DON_VI,8936236474068,03NM00938,NƯỚC CHẤM NAM NGƯ SIÊU TIẾT KIỆM_4.8L/ chai (MSI),4.8L/ chai,MIP,MIP - CÔNG TY TNHH MTV CÔNG NGHIỆP MASAN,042:2026/MSI,Viet Nam,2026-08-24,DA_DUYET,,,0ad2977d-44df-4537-b3a2-bb72784e5259
BGNA01953,DON_VI,8936236474235,"97NM00057(MB), 97NM00064 (MN)",Nước mắm Nam Ngư_150ml/ chai,150ml/ chai,MIP,MIP - CÔNG TY TNHH MTV CÔNG NGHIỆP MASAN,032:2026/MSI,Viet Nam,2026-08-28,DA_DUYET,,,e86f932d-36ab-4036-803d-a4b68c2f8fd5
BGNA01954,DON_VI,8936236474235,"97NM00057(MB), 97NM00064 (MN)",Nước mắm Nam Ngư_150ml/ chai,150ml/ chai,MIP,MIP - CÔNG TY TNHH MTV CÔNG NGHIỆP MASAN,032:2026/MSI,Viet Nam,2026-08-28,DA_DUYET,,,e86f932d-36ab-4036-803d-a4b68c2f8fd5
BGNA01955,DON_VI,8936007570494,03NM00916,CHIN-SU FOODS Golden Coin Cooking and Dipping sauce_800ml/ bottle,800ml/ bottle,MIP,MIP - CÔNG TY TNHH MTV CÔNG NGHIỆP MASAN,132:2026/MSI,Cambodia,2026-09-28,DA_DUYET,,,f3de3dbf-99e3-40db-852c-a3fb9ae48e9b
BGNA01957,DON_VI,8936236474273,03NM00985,Nước mắm Nam Ngư cao cấp (độ đạm ≥ 32gN/L) _4.8L/ can,4.8L/ can,MIP,MIP - CÔNG TY TNHH MTV CÔNG NGHIỆP MASAN,97:2023/MS102,Viet Nam,2026-09-07,DA_DUYET,,,6deee52c-7dbb-40de-9489-3acfdcf456b8
BGNA01976,DON_VI,8936007570500,03NM00992,NM CHIN-SU Cá Hồi đậm đặc XK Germany (Panasia)_500ml/ chai,500ml/ chai,MIP,MIP - CÔNG TY TNHH MTV CÔNG NGHIỆP MASAN,131:2026/MSI,European Union (EU),2026-09-30,DA_DUYET,,,0963b90d-baa9-42d1-8a84-c3cb17376107
BGNG00037,DON_VI,8936236474228,03OS00020,Dầu hào CHIN-SU sò điệp XK Korea (OTL)_400gr/ chai,400gr/ chai,MIP,MIP - CÔNG TY TNHH MTV CÔNG NGHIỆP MASAN,054:2026/MSI,South Korea,2026-08-28,DA_DUYET,,,35c12d43-beae-49a0-bbb4-fd8956c3da2d
BGNO00168,DON_VI,8936007570302,"03OT00198, 03OT00160",Chin-su Chili sauce_250g/ bottle,250g/ bottle,MIP,MIP - CÔNG TY TNHH MTV CÔNG NGHIỆP MASAN,120:2026/MSI,Australia,2026-09-23,DA_DUYET,,,bbc32eb3-9a07-4a2a-9950-5a31d6dc3ee3
BGNO00622,DON_VI,8936007570319,"03OT00391, 03OT00392",Chin-su Chili sauce_960g/ bottle,960g/ bottle,MIP,MIP - CÔNG TY TNHH MTV CÔNG NGHIỆP MASAN,120:2026/MSI,Australia,2026-09-23,DA_DUYET,,,c297a949-3b27-4721-a576-399deb1e08f9
BGNO00807,DON_VI,8936007570326,"03OT00286, 03OT00287",Chin-su Chili sauce_480g/ bottle,480g/ bottle,MIP,MIP - CÔNG TY TNHH MTV CÔNG NGHIỆP MASAN,120:2026/MSI,Australia,2026-09-23,DA_DUYET,,,1be8ce4f-6db8-4ee4-b942-0197fb4aeec7
BGNO00834,DON_VI,8936236473184,03OT00530,CHIN-SU XỐT VỊ PHÔ MAI CAY_165g/ chai,165g/ chai,MIP,MIP - CÔNG TY TNHH MTV CÔNG NGHIỆP MASAN,97:2026/MS102,Viet Nam,2026-06-26,DA_DUYET,,,cc17022b-bdb1-44e8-b985-e76cf588774f
BGNO00845,DON_VI,8936007570418,03OT00522,Tương ớt Sriracha CHIN-SU XK China_250g/ chai,250g/ chai,MIP,MIP - CÔNG TY TNHH MTV CÔNG NGHIỆP MASAN,098:2026/MSI,China,2026-09-26,DA_DUYET,,,e0846419-95ce-4c00-bef4-f8edea108d2a
BGNO00846,DON_VI,8936007570418,03OT00522,Tương ớt Sriracha CHIN-SU XK China_250g/ chai,250g/ chai,MIP,MIP - CÔNG TY TNHH MTV CÔNG NGHIỆP MASAN,098:2026/MSI,China,2026-09-26,DA_DUYET,,,e0846419-95ce-4c00-bef4-f8edea108d2a
BGNO00847,DON_VI,8936236473139,03OT00523,Tương ớt CHIN-SU Original XK Canada_ 1kg/ chai,1kg/ chai,MIP,MIP - CÔNG TY TNHH MTV CÔNG NGHIỆP MASAN,163:2023/MS102,Canada,2026-06-16,DA_DUYET,,,557f509b-32cf-42db-968f-49b9986c2744
BGNO00848,DON_VI,8936236473139,03OT00523,Tương ớt CHIN-SU Original XK Canada_ 1kg/ chai,1kg/ chai,MIP,MIP - CÔNG TY TNHH MTV CÔNG NGHIỆP MASAN,163:2023/MS102,Canada,2026-06-16,DA_DUYET,,,557f509b-32cf-42db-968f-49b9986c2744
BGNO00850,DON_VI,8936236473412,03OT00524,TƯƠNG ỚT CHIN-SU CAY MỚI_130g/ chai,130g/ chai,MIP,MIP - CÔNG TY TNHH MTV CÔNG NGHIỆP MASAN,56:2026/MS102,Viet Nam,2026-07-27,DA_DUYET,,,d594170e-8a69-485e-be80-cd1cd5a9a990
BGNO00880,DON_VI,8936007570340,03OT00533,Chin-su chili sauce XK China_135g/ chai,135g/ chai,MIP,MIP - CÔNG TY TNHH MTV CÔNG NGHIỆP MASAN,093:2026/MSI,China,2026-09-26,DA_DUYET,,,0e518dc7-797c-41fc-a097-45b375f7a3fd
BGNO00883,DON_VI,8936236473696,03OT00541,Tương ớt CHIN-SU cay nồng _250g/ chai,250g/ chai,MIP,MIP - CÔNG TY TNHH MTV CÔNG NGHIỆP MASAN,048:2026/MSI,Viet Nam,2026-08-18,DA_DUYET,,,6a10735e-99d6-4b2a-a34a-37ef3d72effc
BGNO00884,DON_VI,8936236473696,03OT00541,Tương ớt CHIN-SU cay nồng _250g/ chai,250g/ chai,MIP,MIP - CÔNG TY TNHH MTV CÔNG NGHIỆP MASAN,048:2026/MSI,Viet Nam,2026-08-18,DA_DUYET,,,6a10735e-99d6-4b2a-a34a-37ef3d72effc
BGNO00885,DON_VI,8936236473641,03OT00360,CHIN-SU tương ớt_100g/ chai,100g/ chai,MIP,MIP - CÔNG TY TNHH MTV CÔNG NGHIỆP MASAN,003:2026/MIP,Viet Nam,2026-08-17,DA_DUYET,,,c5813206-4990-4f35-baa8-e26fa072d4f0
BGNO00886,DON_VI,8936236473641,03OT00360,CHIN-SU tương ớt_100g/ chai,100g/ chai,MIP,MIP - CÔNG TY TNHH MTV CÔNG NGHIỆP MASAN,003:2026/MIP,Viet Nam,2026-08-17,DA_DUYET,,,c5813206-4990-4f35-baa8-e26fa072d4f0
BGNO00887,DON_VI,8936236473580,03OT00361,CHIN-SU tương ớt mới_100g/ chai,100g/ chai,MIP,MIP - CÔNG TY TNHH MTV CÔNG NGHIỆP MASAN,004:2026/MIP,Viet Nam,2026-08-17,DA_DUYET,,,e0227fe2-441b-46ac-b734-c147c52fdc8e
BGNO00888,DON_VI,8936236473580,03OT00361,CHIN-SU tương ớt mới_100g/ chai,100g/ chai,MIP,MIP - CÔNG TY TNHH MTV CÔNG NGHIỆP MASAN,004:2026/MIP,Viet Nam,2026-08-17,DA_DUYET,,,e0227fe2-441b-46ac-b734-c147c52fdc8e
BGNO00889,DON_VI,8936236473658,03OT00362,CHIN-SU tương ớt_250g/ chai,250g/ chai,MIP,MIP - CÔNG TY TNHH MTV CÔNG NGHIỆP MASAN,003:2026/MIP,Viet Nam,2026-08-17,DA_DUYET,,,ea2f6e7b-f5c6-4a2e-b0b0-d08d2e588a4a
BGNO00890,DON_VI,8936236473658,03OT00362,CHIN-SU tương ớt_250g/ chai,250g/ chai,MIP,MIP - CÔNG TY TNHH MTV CÔNG NGHIỆP MASAN,003:2026/MIP,Viet Nam,2026-08-17,DA_DUYET,,,ea2f6e7b-f5c6-4a2e-b0b0-d08d2e588a4a
BGNO00891,DON_VI,8936236473597,03OT00363,CHIN-SU tương ớt mới_250g/ chai,250g/ chai,MIP,MIP - CÔNG TY TNHH MTV CÔNG NGHIỆP MASAN,004:2026/MIP,Viet Nam,2026-08-17,DA_DUYET,,,7fbb40bb-ea9a-44d7-9965-0dc843e39b14
BGNO00893,DON_VI,,03OT00364,CHIN-SU tương ớt_500g/ chai,500g/ chai,MIP,MIP - CÔNG TY TNHH MTV CÔNG NGHIỆP MASAN,003:2026/MIP,Viet Nam,2026-08-17,CHO_DUYET,cùng mã PKG đăng ký nhiều barcode: 8936236473665 (2026-08-17) / 8936236473597 (2026-08-17),,34461326-8c13-444f-a9a2-9c633685a754
BGNO00894,DON_VI,8936236473665,03OT00364,CHIN-SU tương ớt_500g/ chai,500g/ chai,MIP,MIP - CÔNG TY TNHH MTV CÔNG NGHIỆP MASAN,003:2026/MIP,Viet Nam,2026-08-17,DA_DUYET,,,34461326-8c13-444f-a9a2-9c633685a754
BGNO00895,DON_VI,8936236473603,03OT00365,CHIN-SU tương ớt mới_500g/ chai,500g/ chai,MIP,MIP - CÔNG TY TNHH MTV CÔNG NGHIỆP MASAN,004:2026/MIP,Viet Nam,2026-08-17,DA_DUYET,,,52b2da53-d4da-44b8-b5eb-667fa08a2c68
BGNO00896,DON_VI,8936236473603,03OT00365,CHIN-SU tương ớt mới_500g/ chai,500g/ chai,MIP,MIP - CÔNG TY TNHH MTV CÔNG NGHIỆP MASAN,004:2026/MIP,Viet Nam,2026-08-17,DA_DUYET,,,52b2da53-d4da-44b8-b5eb-667fa08a2c68
BGNO00897,DON_VI,8936236473672,03OT00316,CHIN-SU tương ớt_1kg/ chai,1kg/ chai,MIP,MIP - CÔNG TY TNHH MTV CÔNG NGHIỆP MASAN,003:2026/MIP,Viet Nam,2026-08-17,DA_DUYET,,,d88693c7-9d65-4e36-82dc-fa921561c2b2
BGNO00898,DON_VI,8936236473672,03OT00316,CHIN-SU tương ớt_1kg/ chai,1kg/ chai,MIP,MIP - CÔNG TY TNHH MTV CÔNG NGHIỆP MASAN,003:2026/MIP,Viet Nam,2026-08-17,DA_DUYET,,,d88693c7-9d65-4e36-82dc-fa921561c2b2
BGNO00899,DON_VI,8936236473610,03OT00317,CHIN-SU tương ớt mới_1kg/ chai,1kg/ chai,MIP,MIP - CÔNG TY TNHH MTV CÔNG NGHIỆP MASAN,004:2026/MIP,Viet Nam,2026-08-17,DA_DUYET,,,36afe2d7-0eea-4b1d-abc4-6f9d8a4f2f4f
BGNO00900,DON_VI,8936236473610,03OT00317,CHIN-SU tương ớt mới_1kg/ chai,1kg/ chai,MIP,MIP - CÔNG TY TNHH MTV CÔNG NGHIỆP MASAN,004:2026/MIP,Viet Nam,2026-08-17,DA_DUYET,,,36afe2d7-0eea-4b1d-abc4-6f9d8a4f2f4f
BGNO00901,DON_VI,8936236473689,03OT00368,CHIN-SU tương ớt_2kg/ chai,2kg/ chai,MIP,MIP - CÔNG TY TNHH MTV CÔNG NGHIỆP MASAN,003:2026/MIP,Viet Nam,2026-08-17,DA_DUYET,,,04e14683-1eac-4735-af7a-03c271dce770
BGNO00902,DON_VI,8936236473689,03OT00368,CHIN-SU tương ớt_2kg/ chai,2kg/ chai,MIP,MIP - CÔNG TY TNHH MTV CÔNG NGHIỆP MASAN,003:2026/MIP,Viet Nam,2026-08-17,DA_DUYET,,,04e14683-1eac-4735-af7a-03c271dce770
BGNO00903,DON_VI,8936236473627,03OT00369,CHIN-SU tương ớt mới_2kg/ chai,2kg/ chai,MIP,MIP - CÔNG TY TNHH MTV CÔNG NGHIỆP MASAN,004:2026/MIP,Viet Nam,2026-08-17,DA_DUYET,,,688804e0-22e0-48cc-a30c-f2d6c7a8f738
BGNO00904,DON_VI,8936236473627,03OT00369,CHIN-SU tương ớt mới_2kg/ chai,2kg/ chai,MIP,MIP - CÔNG TY TNHH MTV CÔNG NGHIỆP MASAN,004:2026/MIP,Viet Nam,2026-08-17,DA_DUYET,,,688804e0-22e0-48cc-a30c-f2d6c7a8f738
BGNO00905,DON_VI,8936236473634,03OT00410,CHIN-SU tương ớt mới_5kg/ chai,5kg/ chai,MIP,MIP - CÔNG TY TNHH MTV CÔNG NGHIỆP MASAN,004:2026/MIP,Viet Nam,2026-08-17,DA_DUYET,,,f8029e6f-649a-4337-b153-082abcf5f0eb
BGNO00906,DON_VI,8936236473634,03OT00410,CHIN-SU tương ớt mới_5kg/ chai,5kg/ chai,MIP,MIP - CÔNG TY TNHH MTV CÔNG NGHIỆP MASAN,004:2026/MIP,Viet Nam,2026-08-17,DA_DUYET,,,f8029e6f-649a-4337-b153-082abcf5f0eb
BGNO00907,DON_VI,8936007570302,"03OT00198, 03OT00160",Chin-su Chili sauce_250g/ bottle,250g/ bottle,MIP,MIP - CÔNG TY TNHH MTV CÔNG NGHIỆP MASAN,120:2026/MSI,Australia,2026-09-23,DA_DUYET,,,bbc32eb3-9a07-4a2a-9950-5a31d6dc3ee3
BGNO00908,DON_VI,8936007570302,"03OT00198, 03OT00160",Chin-su Chili sauce_250g/ bottle,250g/ bottle,MIP,MIP - CÔNG TY TNHH MTV CÔNG NGHIỆP MASAN,120:2026/MSI,Australia,2026-09-23,DA_DUYET,,,bbc32eb3-9a07-4a2a-9950-5a31d6dc3ee3
BGNO00909,DON_VI,8936007570326,"03OT00286, 03OT00287",Chin-su Chili sauce_480g/ bottle,480g/ bottle,MIP,MIP - CÔNG TY TNHH MTV CÔNG NGHIỆP MASAN,120:2026/MSI,Australia,2026-09-23,DA_DUYET,,,1be8ce4f-6db8-4ee4-b942-0197fb4aeec7
BGNO00910,DON_VI,8936007570326,"03OT00286, 03OT00287",Chin-su Chili sauce_480g/ bottle,480g/ bottle,MIP,MIP - CÔNG TY TNHH MTV CÔNG NGHIỆP MASAN,120:2026/MSI,Australia,2026-09-23,DA_DUYET,,,1be8ce4f-6db8-4ee4-b942-0197fb4aeec7
BGNO00912,DON_VI,8936007570319,"03OT00391, 03OT00392",Chin-su Chili sauce_960g/ bottle,960g/ bottle,MIP,MIP - CÔNG TY TNHH MTV CÔNG NGHIỆP MASAN,120:2026/MSI,Australia,2026-09-23,DA_DUYET,,,c297a949-3b27-4721-a576-399deb1e08f9
BGNP00059,DON_VI,8936007570401,01PH00186,CHIN-SU Pho Story Pho chicken flavor_77g/ tô,77g/ tô,MIP,MIP - CÔNG TY TNHH MTV CÔNG NGHIỆP MASAN,087:2026/MSI,China,2026-09-26,DA_DUYET,,,adfbb8a3-6047-4653-abcb-b18534bcf7b9
BGNP00060,DON_VI,8936007570371,01PH00187,CHIN-SU Pho Story Pho beef flavor_81g/ tô,81g/ tô,MIP,MIP - CÔNG TY TNHH MTV CÔNG NGHIỆP MASAN,085:2026/MSI,China,2026-09-26,DA_DUYET,,,984d97a9-15d9-4e6a-84fc-54d23204bd39
BGST02639,DON_VI,8936236473382,03OT00534,Xốt muối ớt CHIN-SU xanh (QR)_200g/ chai,200g/ chai,MIP,MIP - CÔNG TY TNHH MTV CÔNG NGHIỆP MASAN,108:2026/MS102,Viet Nam,2026-07-23,DA_DUYET,,,558019b0-0a41-4ce9-983a-7cc978ecb04f
BGST02641,DON_VI,8936007570135,03OT00535,Xốt muối ớt CHIN-SU Đỏ (QR) _200g/ chai,200g/ chai,MIP,MIP - CÔNG TY TNHH MTV CÔNG NGHIỆP MASAN,058:2026/MSI,Viet Nam,2026-09-16,DA_DUYET,,,5ec3bd3d-1a62-4a82-bd2c-eb2eeea38d5b
BGST02643,DON_VI,8936236473399,03OT00536,Xốt muối ớt CHIN-SU xanh (QR)_500g/ chai,500g/ chai,MIP,MIP - CÔNG TY TNHH MTV CÔNG NGHIỆP MASAN,108:2026/MS102,Viet Nam,2026-07-23,DA_DUYET,,,7de70eec-46f0-49b7-85fd-e0e6c797b446
BGST02645,DON_VI,8936007570142,03OT00537,Xốt muối ớt CHIN-SU Đỏ (QR) _500g/ chai,500g/ chai,MIP,MIP - CÔNG TY TNHH MTV CÔNG NGHIỆP MASAN,058:2026/MSI,Viet Nam,2026-09-16,DA_DUYET,,,c4b87b32-f96b-43c6-b328-3ad21074132b
BGST02647,DON_VI,8936236473405,03OT00538,Xốt muối ớt CHIN-SU xanh (QR)_1kg/ chai,1kg/ chai,MIP,MIP - CÔNG TY TNHH MTV CÔNG NGHIỆP MASAN,108:2026/MS102,Viet Nam,2026-07-23,DA_DUYET,,,cf4dcfeb-740f-4773-9958-b0c3096a2419
BGST02649,DON_VI,8936007570159,03OT00539,Xốt muối ớt CHIN-SU Đỏ (QR) _1kg/ chai,1kg/ chai,MIP,MIP - CÔNG TY TNHH MTV CÔNG NGHIỆP MASAN,058:2026/MSI,Viet Nam,2026-09-16,DA_DUYET,,,0bddf187-0e9c-40bd-800d-e481005c0982
BGST02670,DON_VI,8936236474259,03NM00922,Thùng NƯỚC MẮM CHIN-SU NGON HẢO HẠNG (ĐỘ ĐẠM ≥ 40 gN/L)_ 700ml KM 6 chai Chin-Su Tương ớt MN (TCCS: 03:2026/MSI)_6 bundle/ thùng,6 bundle/ thùng,MIP,MIP - CÔNG TY TNHH MTV CÔNG NGHIỆP MASAN,09:2025/MS102,Viet Nam,2026-09-04,DA_DUYET,,,160297b1-eac3-4462-89c9-54677ba6274b
BGST02671,DON_VI,8936236474266,03NM00923,Thùng NƯỚC MẮM CHIN-SU NGON HẢO HẠNG (ĐỘ ĐẠM ≥ 40 gN/L)_ 700ml KM 6 chai Chin-Su Tương ớt mới MB (TCCS: 04:2026/MSI)_6 bundle/ thùng,6 bundle/ thùng,MIP,MIP - CÔNG TY TNHH MTV CÔNG NGHIỆP MASAN,09:2025/MS102,Viet Nam,2026-09-04,DA_DUYET,,,0c50457e-f80a-47c5-9504-4394a1fa410d
BGTA00882,THUNG,18936236473372,03NM00943,Nước mắm Nam Ngư Nhãn Vàng (QR)_900ml/ chai,6chai x 900ml/ thùng,MIP,MIP - CÔNG TY TNHH MTV CÔNG NGHIỆP MASAN,53:2022/MS102,Viet Nam,2026-07-22,DA_DUYET,,,eec8b131-3c01-40eb-bea2-6d40d69c8357
BGTA00884,THUNG,18936236473365,03NM00942,Nước mắm Nam Ngư Nhãn Vàng (QR)_650ml/ chai,2bl x 6chai x 650ml/ thùng,MIP,MIP - CÔNG TY TNHH MTV CÔNG NGHIỆP MASAN,53:2022/MS102,Viet Nam,2026-07-22,DA_DUYET,,,ab48aa30-4306-46f5-9a2c-4289e7706ad4
BGTA00891,THUNG,18936236472184,03NM00933,Nước mắm Nam Ngư cao cấp (QR)_12chai x 500ml,12chai x 500ml,MIP,MIP - CÔNG TY TNHH MTV CÔNG NGHIỆP MASAN,97:2023/MS102,Viet Nam,2026-04-17,DA_DUYET,,,ad7236eb-cb0f-4c91-9dd1-d7564d7a5e7b
BGTA00892,THUNG,18936236473907,03NM00929,CHIN-SU NƯỚC MẮM (HÀM LƯỢNG NITƠ TỔNG SỐ ≥ 22 g/L)_720ml/ chai thủy tinh,12 chai x 720ml/ thùng,MIP,MIP - CÔNG TY TNHH MTV CÔNG NGHIỆP MASAN,045:2026/MSI,Viet Nam,2026-08-22,DA_DUYET,,,eff379e4-9feb-4d22-9f68-8cf5bd10973c
BGTA00893,THUNG,18936236473945,03NM00930,CHIN-SU Nước mắm (Độ đạm ≥ 40 gN/L)_500ml/ chai thủy tinh,6 chai x 500ml/ thùng,MIP,MIP - CÔNG TY TNHH MTV CÔNG NGHIỆP MASAN,046:2026/MSI,Viet Nam,2026-08-22,DA_DUYET,,,7cf1a943-68dd-41a6-bebb-f07923886efd
BGTA00906,THUNG,,03NM00949,Thùng khuyến mãi Nước mắm Chin-su (Hàm lượng Nitơ tổng số ≥ 22 g/L)_720ml x 12 chai Tặng 1 chai CHIN-SU Xốt Muối Ớt Xanh 200 g (TCCS 143:2024/MS102),720ml x 12 chai,MIP,MIP - CÔNG TY TNHH MTV CÔNG NGHIỆP MASAN,54:2022/MS102,Viet Nam,2026-04-12,CHO_DUYET,thiếu barcode,,87e5cf09-518e-4c32-9e50-aee5104f0f46
BGTA00907,THUNG,,03NM00950,Thùng khuyến mãi NƯỚC MẮM CHIN-SU NGON HẢO HẠNG (ĐỘ ĐẠM ≥ 40 gN/ L)_700ml x 6 chai Tặng 1 chai CHIN-SU Xốt Muối Ớt Đỏ 200 g (TCCS 144:2024/MS102),700ml x 6 chai,MIP,MIP - CÔNG TY TNHH MTV CÔNG NGHIỆP MASAN,09:2025/MS102,Viet Nam,2026-04-12,CHO_DUYET,thiếu barcode,,6e0e2d37-658d-4557-a813-d3882f445316
BGTA00909,THUNG,28936236471702,03NM00952,Nước mắm Nam Ngư XK Hàn (Emart Trader) _3 chai x 650ml x 6 hộp/ thùng,6 hộp / thùng,MIP,MIP - CÔNG TY TNHH MTV CÔNG NGHIỆP MASAN,145:2024/MS102,South Korea,2026-06-02,DA_DUYET,,,c32971b4-2a20-491f-985b-7c14fcd80d2e
BGTA00911,THUNG,28936236472198,03NM00954,Thùng khuyến mãi Nước chấm Nam Ngư Đệ Nhị X2_15chai x 900ml/ thùng Tặng 1 chai Nước chấm Nam Ngư Đệ Nhị X2 cùng loại,16chai/ thùng,MIP,MIP - CÔNG TY TNHH MTV CÔNG NGHIỆP MASAN,59:2026/MS102,Viet Nam,2026-04-17,DA_DUYET,,,4b1b7924-56c3-40d9-a74f-3be632b48061
BGTA00924,THUNG,,03NM00839,Thùng NƯỚC MẮM CÁ CƠM NAM NGƯ-750ml tặng 1 gói CHIN-SU HẠT NÊM NGỌT TÔM THƠM THỊT 500g MN (TCCS 01:2023/MS102),18chai x 750ml + 1 gói 500g/ thùng,MIP,MIP - CÔNG TY TNHH MTV CÔNG NGHIỆP MASAN,75:2025/MS102,Viet Nam,2026-06-07,CHO_DUYET,thiếu barcode,,587913e0-1a41-4c0f-91cf-f37a2c6dac3a
BGTA00925,THUNG,,03NM00840,Thùng NƯỚC MẮM CÁ CƠM NAM NGƯ-750ml tặng 1 gói HẠT NÊM CHIN-SU NGỌT TÔM THƠM THỊT MỚI 500g MB (TCCS 02:2024/MS102),18chai x 750ml + 1 gói 500g/ thùng,MIP,MIP - CÔNG TY TNHH MTV CÔNG NGHIỆP MASAN,75:2025/MS102,Viet Nam,2026-06-07,CHO_DUYET,thiếu barcode,,b68a5957-9079-4983-9a06-b504ca537764
BGTA00927,THUNG,,03NM00960,Thùng Nước chấm Nam Ngư ớt tỏi Lý Sơn_ 300ml MN KM 12chai nước mắm Nam Ngư chai thủy tinh MB 50ml _12 Bundle/ thùng,12 Bundle/ thùng,MIP,MIP - CÔNG TY TNHH MTV CÔNG NGHIỆP MASAN,"""OTLS: 48:2025/MS102NN 50ml: 75:2025/MS102""",Viet Nam,2026-06-12,CHO_DUYET,thiếu barcode,,cc99c2a1-5088-465e-9cc1-71c98c852262
BGTA00928,THUNG,,03NM00961,Thùng Nước chấm Nam Ngư ớt tỏi Lý Sơn_300ml MB KM 12chai nước mắm Nam Ngư chai thủy tinh MB 50ml _12 Bundle/ thùng,12 Bundle/ thùng,MIP,MIP - CÔNG TY TNHH MTV CÔNG NGHIỆP MASAN,"""OTLS: 48:2025/MS102NN 50ml: 75:2025/MS102""",Viet Nam,2026-06-12,CHO_DUYET,thiếu barcode,,d99a2f62-bd42-40fe-a201-0a01b63da85c
BGTA00929,THUNG,,03NM00962,Thùng Nước mắm Nam Ngư cao cấp (QR)_500ml KM 12 chai tương ớt Chin-su MN 250g (TCCS:03:2020/MS102)_12 bundle/thùng,12 bundle/ thùng,MIP,MIP - CÔNG TY TNHH MTV CÔNG NGHIỆP MASAN,97:2023/MS102,Viet Nam,2026-06-15,CHO_DUYET,thiếu barcode,,2e59314d-1ae5-45bf-afc8-2aaad6612c45
BGTA00930,THUNG,,03NM00963,Thùng Nước mắm Nam Ngư cao cấp (QR)_500ml KM 12 chai tương ớt Chin-su MB 250g (TCCS:04:2020/MS102)_12 bundle/ thùng,12 bundle/ thùng,MIP,MIP - CÔNG TY TNHH MTV CÔNG NGHIỆP MASAN,97:2023/MS102,Viet Nam,2026-06-15,CHO_DUYET,thiếu barcode,,3a5e6d2a-b16b-4664-82b0-030bcb28ec82
BGTA00931,THUNG,,03NM00964,Thùng  Nước chấm Nam Ngư ớt tỏi Lý Sơn_300ml MN KM 12chai nước mắm Nam Ngư MN 150ml _12 Bundle/ thùng,12 Bundle/ thùng,MIP,MIP - CÔNG TY TNHH MTV CÔNG NGHIỆP MASAN,"""OTLS: 48:2025/MS102, NN 150ml: 75:2025/MS102""",Viet Nam,2026-06-12,CHO_DUYET,thiếu barcode,,a2345f5c-952c-47c5-be9c-6efcb9e9e90e
BGTA00932,THUNG,,03NM00965,Thùng  Nước chấm Nam Ngư ớt tỏi Lý Sơn_300ml MB KM 12chai nước mắm Nam Ngư MB150ml _12 Bundle/ thùng,12 Bundle/ thùng,MIP,MIP - CÔNG TY TNHH MTV CÔNG NGHIỆP MASAN,"""OTLS: 48:2025/MS102, NN 150ml: 75:2025/MS102""",Viet Nam,2026-06-12,CHO_DUYET,thiếu barcode,,eb77ef52-395f-4257-be40-4cbb8caa771e
BGTA00943,THUNG,18936017366961,03NM00971,Nam Ngư Fish sauce XK Australia (DHN-Woolworths) _15chai x 750ml,15 chai x 750ml/ thùng,MIP,MIP - CÔNG TY TNHH MTV CÔNG NGHIỆP MASAN,47:2019/MS102,Australia,2026-06-14,DA_DUYET,,,be9171c7-493d-4670-a38c-a9fe3a947d78
BGTA00953,THUNG,18936236474133,03NM00978,CHIN-SU Fish sauce_500ml/ chai,15 chai x 500ml/ thùng,MIP,MIP - CÔNG TY TNHH MTV CÔNG NGHIỆP MASAN,109:2026/MS102,South Korea,2026-08-25,DA_DUYET,,,8cdc12f4-8675-44f7-b8b2-20b9f561a1d3
BGTA00955,THUNG,18936236473471,03NM00881,Nước mắm Nam Ngư _500ml/ chai,3block x 8chai x 500ml/ thùng,MIP,MIP - CÔNG TY TNHH MTV CÔNG NGHIỆP MASAN,032:2026/MSI,Viet Nam,2026-08-17,DA_DUYET,,,e0cbc62d-a92c-4e1f-bd17-17516784e724
BGTA00961,THUNG,18936236473501,03NM00882,Nước mắm Nam Ngư _750ml/ chai,3block x 6chai x 750ml/ thùng,MIP,MIP - CÔNG TY TNHH MTV CÔNG NGHIỆP MASAN,032:2026/MSI,Viet Nam,2026-08-17,DA_DUYET,,,b3657bb5-8d4a-4cc6-abee-a79ddd588c68
BGTA00963,THUNG,18936236473532,03NM00883,Nước mắm Nam Ngư _900ml/ chai,15chai x 900ml/ thùng,MIP,MIP - CÔNG TY TNHH MTV CÔNG NGHIỆP MASAN,032:2026/MSI,Viet Nam,2026-08-17,DA_DUYET,,,c7ec4f75-6215-44c1-905c-104ed35432ca
BGTA00967,THUNG,18936236473556,"03NM00673 (MB), 03NM00886 (MN)",Nước mắm Nam Ngư _1.2L/ chai,12chai x 1.2L/ thùng,MIP,MIP - CÔNG TY TNHH MTV CÔNG NGHIỆP MASAN,032:2026/MSI,Viet Nam,2026-08-17,DA_DUYET,,,84f15ef4-cad5-4882-87f8-37948ba85806
BGTA00969,THUNG,18936236473891,03NM00790,NƯỚC CHẤM NAM NGƯ ĐỆ NHỊ _900ml/ chai,15 chai x 900ml/ thùng,MIP,MIP - CÔNG TY TNHH MTV CÔNG NGHIỆP MASAN,043:2026/MSI,Viet Nam,2026-08-22,DA_DUYET,,,5880e04b-25d9-4f0e-9b97-6fbfd66c4511
BGTA00972,THUNG,18936236473563,"03NM00934 (MN), 03NM00935 (MB)",Nước mắm Nam Ngư chai thủy tinh_500ml/ chai,12chai x 500ml/ thùng,MIP,MIP - CÔNG TY TNHH MTV CÔNG NGHIỆP MASAN,032:2026/MSI,Viet Nam,2026-08-17,DA_DUYET,,,fd3309c2-802b-4d41-b4ca-ea998a322758
BGTA00973,THUNG,18936236473570,03NM00935 (MB),Nước mắm Nam Ngư chai thủy tinh (MB)_500ml/ chai,500ml/ chai,MIP,MIP - CÔNG TY TNHH MTV CÔNG NGHIỆP MASAN,032:2026/MSI,Viet Nam,2026-08-17,DA_DUYET,,,133a4fe8-e506-4000-871c-77d6570f2f65
BGTA00978,THUNG,18936236473914,03NM00774,CHIN-SU NƯỚC MẮM (HÀM LƯỢNG NITƠ TỔNG SỐ ≥ 22 g/L)_330ml/ chai,24 chai x 330ml/ thùng,MIP,MIP - CÔNG TY TNHH MTV CÔNG NGHIỆP MASAN,045:2026/MSI,Viet Nam,2026-08-22,DA_DUYET,,,ac860de6-8eba-4fc5-988c-bc50c3190df5
BGTA00979,THUNG,18936236473921,97NM00059,CHIN-SU NƯỚC MẮM (HÀM LƯỢNG NITƠ TỔNG SỐ ≥ 22 g/L)_150ml/ chai,48 chai x 150ml/ thùng,MIP,MIP - CÔNG TY TNHH MTV CÔNG NGHIỆP MASAN,045:2026/MSI,Viet Nam,2026-08-22,DA_DUYET,,,52d061f3-3728-48a8-9a22-b83f4913a1c0
BGTA00980,THUNG,18936236473938,97NM00065,CHIN-SU NƯỚC MẮM (HÀM LƯỢNG NITƠ TỔNG SỐ ≥ 22 g/L)_50ml/ chai thủy tinh,60 chai x 50ml/ thùng,MIP,MIP - CÔNG TY TNHH MTV CÔNG NGHIỆP MASAN,045:2026/MSI,Viet Nam,2026-08-22,DA_DUYET,,,1aa03d37-8fb4-4368-8e1e-024231ca7e10
BGTA00982,THUNG,,03HH00064,Thùng Combo Nam Ngư Tết_6 hộp x 2 chai/ thùng (1chai NM Nam Ngư chai thủy tinh MN 500ml + 1chai NC Nam Ngư ớt tỏi Lý Sơn MN 300ml),6 hộp x 2 chai/ thùng,MIP,MIP - CÔNG TY TNHH MTV CÔNG NGHIỆP MASAN,"NMNN: 032:2026/MSI, OTLS: 48:2025/MS102",Viet Nam,2026-08-28,CHO_DUYET,cùng mã PKG đăng ký nhiều barcode: 18936236474201 (2026-08-28) / 18936236474218 (2026-08-28),,27a69cb4-0d81-42c5-a370-93ffe2c1e03d
BGTA00984,THUNG,18936236474171,03HH00066,"""Hộp combo Nam Ngư Tết_ 3 chai x 300ml/ combo gồm1/ Nước chấm Nam Ngư ớt tỏi Lý Sơn MN _300ml/ chai2/ Nước chấm Nam Ngư Pha Sẵn Tinh Tế chấm lẩu-hấp_300ml/ chai3/ Nước chấm Nam Ngư Pha Sẵn Tinh Tế chấm chiên-nướng _300ml/ chai""",6 combo x 3 chai x 300ml/ thùng,MIP,MIP - CÔNG TY TNHH MTV CÔNG NGHIỆP MASAN,"OTLS: 48:2025/MS102, NNTT chấm lẩu hấp: 46:2026/MS102, NNTT chấm chiên nướng: 47:2026/MS102",Viet Nam,2026-08-27,DA_DUYET,,,b014f106-1ed0-494e-9b46-a1e08e7ee6fc
BGTA00985,THUNG,18936236474188,03HH00067,"""Hộp combo Nam Ngư Tết_ 3 chai x 300ml/ combo gồm1/ Nước chấm Nam Ngư ớt tỏi Lý Sơn MB _300ml/ chai2/ Nước chấm Nam Ngư Pha Sẵn Tinh Tế chấm lẩu-hấp_300ml/ chai3/ Nước chấm Nam Ngư Pha Sẵn Tinh Tế chấm chiên-nướng _300ml/ chai""",6 combo x 3 chai x 300ml/ thùng,MIP,MIP - CÔNG TY TNHH MTV CÔNG NGHIỆP MASAN,"OTLS: 48:2025/MS102, NNTT chấm lẩu hấp: 46:2026/MS102, NNTT chấm chiên nướng: 47:2026/MS102",Viet Nam,2026-08-27,DA_DUYET,,,e67a2977-6fb1-462f-9cf4-6c866dabd785
BGTA00986,THUNG,18936236474065,03NM00938,NƯỚC CHẤM NAM NGƯ SIÊU TIẾT KIỆM_4.8L/ chai (MSI),4 chai x 4.8L/ thùng,MIP,MIP - CÔNG TY TNHH MTV CÔNG NGHIỆP MASAN,042:2026/MSI,Viet Nam,2026-08-24,DA_DUYET,,,0ad2977d-44df-4537-b3a2-bb72784e5259
BGTA00989,THUNG,18936236474249,97NM00064 (MN),Nước mắm Nam Ngư MN_150ml x 48 chai/ thùng,150ml x 48 chai/ thùng,MIP,MIP - CÔNG TY TNHH MTV CÔNG NGHIỆP MASAN,032:2026/MSI,Viet Nam,2026-08-28,DA_DUYET,,,55b19e43-f16d-4d62-a5f6-3adac2aaeb7f
BGTA00990,THUNG,18936236474232,"97NM00057(MB), 97NM00064 (MN)",Nước mắm Nam Ngư_150ml/ chai,48 chai x 150ml/ thùng,MIP,MIP - CÔNG TY TNHH MTV CÔNG NGHIỆP MASAN,032:2026/MSI,Viet Nam,2026-08-28,DA_DUYET,,,e86f932d-36ab-4036-803d-a4b68c2f8fd5
BGTA00991,THUNG,,03NM00922,Thùng NƯỚC MẮM CHIN-SU NGON HẢO HẠNG (ĐỘ ĐẠM ≥ 40 gN/L)_ 700ml KM 6 chai Chin-Su Tương ớt MN (TCCS: 03:2026/MSI)_6 bundle/ thùng,6 bundle/ thùng,MIP,MIP - CÔNG TY TNHH MTV CÔNG NGHIỆP MASAN,09:2025/MS102,Viet Nam,2026-09-04,CHO_DUYET,thiếu barcode,,160297b1-eac3-4462-89c9-54677ba6274b
BGTA00992,THUNG,,03NM00923,Thùng NƯỚC MẮM CHIN-SU NGON HẢO HẠNG (ĐỘ ĐẠM ≥ 40 gN/L)_ 700ml KM 6 chai Chin-Su Tương ớt mới MB (TCCS: 04:2026/MSI)_6 bundle/ thùng,6 bundle/ thùng,MIP,MIP - CÔNG TY TNHH MTV CÔNG NGHIỆP MASAN,09:2025/MS102,Viet Nam,2026-09-04,CHO_DUYET,thiếu barcode,,0c50457e-f80a-47c5-9504-4394a1fa410d
BGTA00994,THUNG,18936236474164,03HH00069,"""Hộp quà CHIN-SU TƯƠNG ỚT MỚI (MB) 500g vàNƯỚC MẮM HƯƠNG CÁ HỒI CHIN-SU 500ml""",4 hộp/ thùng,MIP,MIP - CÔNG TY TNHH MTV CÔNG NGHIỆP MASAN,"TO: 04:2026/MSI, NM: 54:2026/MS102",Viet Nam,2026-08-26,DA_DUYET,,,4165526d-3ce2-42e3-9738-08ffdf1714a3
BGTA00995,THUNG,18936236474270,03NM00985,Nước mắm Nam Ngư cao cấp (độ đạm ≥ 32gN/L) _4.8L/ can,4.8L x 4 can/ thùng,MIP,MIP - CÔNG TY TNHH MTV CÔNG NGHIỆP MASAN,97:2023/MS102,Viet Nam,2026-09-07,DA_DUYET,,,6deee52c-7dbb-40de-9489-3acfdcf456b8
BGTA00997,THUNG,18936007570491,03NM00916,CHIN-SU FOODS Golden Coin Cooking and Dipping sauce_800ml/ bottle,800ml x 18 bottles/ carton,MIP,MIP - CÔNG TY TNHH MTV CÔNG NGHIỆP MASAN,132:2026/MSI,Cambodia,2026-09-28,DA_DUYET,,,f3de3dbf-99e3-40db-852c-a3fb9ae48e9b
BGTD00027,THUNG,18936236474225,03OS00020,Dầu hào CHIN-SU sò điệp XK Korea (OTL)_400gr/ chai,24 chai x 400g/ thùng,MIP,MIP - CÔNG TY TNHH MTV CÔNG NGHIỆP MASAN,054:2026/MSI,South Korea,2026-08-28,DA_DUYET,,,35c12d43-beae-49a0-bbb4-fd8956c3da2d
BGTG00480,THUNG,,03HG00252,Thùng CHIN-SU HẠT NÊM NGỌT TÔM THƠM THỊT 900g Tặng 2 chai Nam Ngư Đệ Nhị 900ml (MN) (TCCS:41:2019/MS102),900g x 8 gói/ thùng,MIP,MIP - CÔNG TY TNHH MTV CÔNG NGHIỆP MASAN,01:2023/MS102,Viet Nam,2026-06-02,CHO_DUYET,thiếu barcode,,43cf5ff6-c824-4684-bb2f-ac81aa8959c8
BGTG00481,THUNG,,03HG00253,Thùng HẠT NÊM CHIN-SU NGỌT TÔM THƠM THỊT MỚI 900g Tặng 2 chai Nam Ngư Đệ Nhị 800ml (MB) (TCCS:41:2019/MS102),900g x 8 gói/ thùng,MIP,MIP - CÔNG TY TNHH MTV CÔNG NGHIỆP MASAN,02:2024/MS102,Viet Nam,2026-06-02,CHO_DUYET,thiếu barcode,,f931fd07-9459-4e66-a04a-398d0909bd99
BGTG00482,THUNG,,03HG00254,Thùng CHIN-SU HẠT NÊM NGỌT TÔM THƠM THỊT 500g tặng 02 chai Tương ớt CHIN-SU MN 500g (TCCS 03:2020/MS102),500g x 16 gói + 2 chai TO 500g/ thùng,MIP,MIP - CÔNG TY TNHH MTV CÔNG NGHIỆP MASAN,01:2023/MS102,Viet Nam,2026-06-03,CHO_DUYET,thiếu barcode,,f4b62239-42df-4a0b-ab16-7c8c34a41f55
BGTG00502,THUNG,,03HG00269,CHIN-SU HẠT NÊM VỊ NGỌT TÔM THƠM THỊT_500g/ gói,16 gói x 500g/ thùng,MIP,MIP - CÔNG TY TNHH MTV CÔNG NGHIỆP MASAN,034:2026/MSI,Viet Nam,2026-08-25,CHO_DUYET,cùng mã PKG đăng ký nhiều barcode: 18936236474072 (2026-08-25) / 18936007570231 (2026-09-21),,1453d078-9e29-4889-8152-832c9dd79a48
BGTG00504,THUNG,,03HG00271,CHIN-SU HẠT NÊM VỊ NGỌT TÔM THƠM THỊT_900g/ gói,8 gói x 900g/ thùng,MIP,MIP - CÔNG TY TNHH MTV CÔNG NGHIỆP MASAN,034:2026/MSI,Viet Nam,2026-08-25,CHO_DUYET,cùng mã PKG đăng ký nhiều barcode: 18936236474089 (2026-08-25) / 18936007570248 (2026-09-21),,1df5c451-14a8-4e47-8997-d16fd6560cae
BGTG00506,THUNG,,03HG00273,HẠT NÊM CHIN-SU VỊ NGỌT TÔM THƠM THỊT _1.8kg/ gói,6 gói x 1.8kg/ thùng,MIP,MIP - CÔNG TY TNHH MTV CÔNG NGHIỆP MASAN,033:2026/MSI,Viet Nam,2026-08-25,CHO_DUYET,cùng mã PKG đăng ký nhiều barcode: 18936236474119 (2026-08-25) / 18936007570255 (2026-09-21),,2a886362-a9bb-45bd-83a3-b63e748208fa
BGTG00508,THUNG,18936007570019,03HG00275,Hạt nêm CHIN-SU ngọt xương thơm thịt XK Nhật_380g/ gói,16 gói x 380g/ thùng,MIP,MIP - CÔNG TY TNHH MTV CÔNG NGHIỆP MASAN,057:2026/MSI,Japan,2026-09-10,DA_DUYET,,,7c63a670-a742-4398-a0bf-7326dd215558
BGTG00511,THUNG,18936007570484,03HG00280,Hạt nêm CHIN-SU vị xương thịt XK Korea (OTL)_400gr/ Gói,16 gói x 400g/ thùng,MIP,MIP - CÔNG TY TNHH MTV CÔNG NGHIỆP MASAN,057:2026/MSI,South Korea,2026-09-28,DA_DUYET,,,4421503e-6857-419a-87ac-bfe6c35994f0
BGTM01844,THUNG,,02KK00845,Thùng Mì Kokomi Tôm Chua Cay_30 gói x 65g Tặng 3 lon Thực phẩm bổ sung - Nước tăng lực Wake-Up 247 Guarana (TCCS: 04:2025/BH103),30 gói x 65g + 3 lon/ thùng,MIP,"MIP - CÔNG TY TNHH MTV CÔNG NGHIỆP MASAN, MBP - Nhà máy Masan Miền Bắc - MMB, MHP - Nhà máy Masan Hải Dương - MHD, MGP - Nhà máy Masan Hậu Giang - MHG",47:2025/MS101,Viet Nam,2026-06-20,CHO_DUYET,thiếu barcode,,d2233254-9b3e-49f0-abb7-7ae7b90c6225
BGTM01866,THUNG,,02OM00983,Thùng khuyến mãi Mì khoai tây Omachi mì ly hương vị Hải sản chua cay_24ly x 66g Tặng 1 chai Tương cà Chin-su 250g (TCCS:112:2024/MS102),24ly x 66g,MIP,MIP - CÔNG TY TNHH MTV CÔNG NGHIỆP MASAN,19:2026/MS101,Viet Nam,2026-04-13,CHO_DUYET,thiếu barcode,,a9b9cded-758b-4121-9af6-03c8523c1fb6
BGTM01867,THUNG,,02OM00984,Thùng khuyến mãi Mì khoai tây Omachi mì ly hương vị Lẩu tôm càng_24ly x 67g Tặng 1 chai Tương cà Chin-su 250g (TCCS:112:2024/MS102),24ly x 67g,MIP,MIP - CÔNG TY TNHH MTV CÔNG NGHIỆP MASAN,03:2025/MS101,Viet Nam,2026-04-13,CHO_DUYET,thiếu barcode,,23de9db7-e520-4a4e-aee5-1810b679d186
BGTM01884,THUNG,18936007570279,02OM00859,Mì khoai tây Omachi Mì ly hương vị tôm càng chua cay_67g/ ly,24 ly x 67g/ thùng,MIP,MIP - CÔNG TY TNHH MTV CÔNG NGHIỆP MASAN,008:2026/MSI,Viet Nam,2026-09-23,DA_DUYET,,,2ff86375-a8f1-4143-bf9e-df0c63c967d7
BGTM01885,THUNG,18936007570200,02OM00858,Mì khoai tây Omachi mì ly sườn hầm ngũ quả_70g/ ly,24 ly x 70g/ thùng,MIP,MIP - CÔNG TY TNHH MTV CÔNG NGHIỆP MASAN,009:2026/MSI,Viet Nam,2026-09-18,DA_DUYET,,,a693b7a1-9415-45ed-870a-c147726fbff6
BGTM01886,THUNG,18936007570170,02OM00857,MÌ KHOAI TÂY OMACHI MỲ LY XỐT BÒ HẦM (*)_69g/ ly,24 ly x 69g/ thùng,MIP,MIP - CÔNG TY TNHH MTV CÔNG NGHIỆP MASAN,007:2026/MSI,Viet Nam,2026-09-18,DA_DUYET,,,c00e1714-9a98-452a-84ac-39c7a1a7eaba
BGTM01887,THUNG,18936007570286,02OM00862,Mì khoai tây Omachi Mì ly thịt hương vị tôm càng chua cay_112g/ ly,24 ly x 112g/ thùng,MIP,MIP - CÔNG TY TNHH MTV CÔNG NGHIỆP MASAN,014:2026/MSI,Viet Nam,2026-09-23,DA_DUYET,,,98d3ebd8-5065-4900-97e4-d0f3aedb4c7f
BGTM01888,THUNG,18936007570217,02OM00861,Mì khoai tây Omachi mì ly thịt sườn hầm ngũ quả mới_115g/ ly,24 ly x 115g/ thùng,MIP,MIP - CÔNG TY TNHH MTV CÔNG NGHIỆP MASAN,015:2026/MSI,Viet Nam,2026-09-18,DA_DUYET,,,4a64047b-48f2-447d-be0d-307656b44a0d
BGTM01889,THUNG,18936007570187,02OM00860,MÌ KHOAI TÂY OMACHI MỲ LY THỊT XỐT BÒ HẦM (*) MỚI_113g/ ly,24 ly x 113g/ thùng,MIP,MIP - CÔNG TY TNHH MTV CÔNG NGHIỆP MASAN,013:2026/MSI,Viet Nam,2026-09-18,DA_DUYET,,,1a922211-5855-46f3-b029-ff77cb7eeb3d
BGTM01890,THUNG,18936007570293,02OM00773,Mì khoai tây Omachi Mì tô hương vị tôm càng chua cay_92g/ tô,18 tô x 92g/ thùng,MIP,MIP - CÔNG TY TNHH MTV CÔNG NGHIỆP MASAN,011:2026/MSI,Viet Nam,2026-09-23,DA_DUYET,,,2a7710aa-775a-410b-b432-7359a0e37172
BGTM01891,THUNG,18936007570224,02OM00774,Mì khoai tây Omachi mì tô sườn hầm ngũ quả_96g/ tô,18 tô x 96g/ thùng,MIP,MIP - CÔNG TY TNHH MTV CÔNG NGHIỆP MASAN,012:2026/MSI,Viet Nam,2026-09-18,DA_DUYET,,,4850251e-9599-4309-b523-5cfaf15da55e
BGTM01892,THUNG,18936007570194,02OM00775,MÌ KHOAI TÂY OMACHI MỲ TÔ XỐT BÒ HẦM (*)_93g/ tô,18 tô x 93g/ thùng,MIP,MIP - CÔNG TY TNHH MTV CÔNG NGHIỆP MASAN,010:2026/MSI,Viet Nam,2026-09-18,DA_DUYET,,,e6c26f71-9185-498b-8612-1fb30d9b610c
BGTM01919,THUNG,18936007570439,02KK00507,Kokomi Instant Noodles Sour And Hot Shrimp Flavor_5 gói x 65g/ block,6bl x 5gói x 65g/ thùng,MIP,MIP - CÔNG TY TNHH MTV CÔNG NGHIỆP MASAN,088:2026/MSI,China,2026-09-26,DA_DUYET,,,2ea7fe60-c771-4061-82c8-cf5ed7ab80ff
BGTM01920,THUNG,18936007570453,02KK00508,Kokomi Instant Noodles Chicken & Mushroom Flavor_5 gói x 65g/ Block,6bl x 5gói x 65g/ thùng,MIP,MIP - CÔNG TY TNHH MTV CÔNG NGHIỆP MASAN,090:2026/MSI,China,2026-09-26,DA_DUYET,,,4354587d-322c-4d2d-a567-6b9f6042eeca
BGTM01921,THUNG,18936007570460,02KK00505,Kokomi Instant Noodles Sour And Hot Shrimp Flavor_60g/ ly,24ly x 60g/ thùng,MIP,MIP - CÔNG TY TNHH MTV CÔNG NGHIỆP MASAN,089:2026/MSI,China,2026-09-26,DA_DUYET,,,802f3e82-a27c-4238-bb77-fca6e2bf3100
BGTM01922,THUNG,18936007570477,02KK00506,Kokomi Instant Noodles Chicken & Mushroom Flavor_60g/ ly,24ly x 60g/ thùng,MIP,MIP - CÔNG TY TNHH MTV CÔNG NGHIỆP MASAN,091:2026/MSI,China,2026-09-26,DA_DUYET,,,e22de457-0a81-46eb-97e5-23c76f5d567c
BGTM01930,THUNG,18936007570002,02OM1020,OMACHI CHILI GOD INSTANT NOODLES – SINGAPORE CHILI CRAB FLAVOR_96g/ tô (XK Cambodia),6bl x 3 tô x 96g/ thùng,MIP,MIP - CÔNG TY TNHH MTV CÔNG NGHIỆP MASAN,049:2026/MSI,Cambodia,2026-09-10,DA_DUYET,,,109d13c0-c3d8-4a35-82fb-d62d81503227
BGTM01931,THUNG,18936007570033,02OM00897,Hộp đồ ăn Omachi Quán Xá Châu Á - Mì bò_95g/ hộp,12 hộp x 95g/ thùng,MIP,MIP - CÔNG TY TNHH MTV CÔNG NGHIỆP MASAN,035:2026/MSI,Viet Nam,2026-09-12,DA_DUYET,,,ee7389e3-e39c-452a-9440-55c64cdb92f2
BGTM01932,THUNG,18936007570040,02OM01021,Hộp đồ ăn Omachi Quán xá Châu Á - Mì vị tomyum_98g/ hộp,12 hộp x 98g/ thùng,MIP,MIP - CÔNG TY TNHH MTV CÔNG NGHIỆP MASAN,036:2026/MSI,Viet Nam,2026-09-12,DA_DUYET,,,62c1de9e-2c6e-4dbf-90e2-a41421577111
BGTM01933,THUNG,18936007570057,02OM00905,Hộp đồ ăn Omachi Quán xá Châu Á - Mì vị miso hải sản_96g/ hộp,12 hộp x 96g/ thùng,MIP,MIP - CÔNG TY TNHH MTV CÔNG NGHIỆP MASAN,037:2026/MSI,Viet Nam,2026-09-12,DA_DUYET,,,8d8abc85-0cd9-4d0f-8b2a-684ca5fa14a1
BGTM01944,THUNG,18936007570095,02KK00321,Mì Kokomi ly Tôm chua cay 65_65g/ ly,65g x 24ly/thùng,MIP,MIP - CÔNG TY TNHH MTV CÔNG NGHIỆP MASAN,017:2026/MSI,Viet Nam,2026-09-15,DA_DUYET,,,69289cd3-ad09-476d-9b95-1aac7f1a7878
BGTM01946,THUNG,18936007570026,02KK00369,Mì Kokomi ly 90 Tôm chua cay (có cây thịt)_90g/ ly,24 ly x 90g/ thùng,MIP,MIP - CÔNG TY TNHH MTV CÔNG NGHIỆP MASAN,018:2026/MSI,Viet Nam,2026-09-12,DA_DUYET,,,e3689254-5071-46a3-868f-dfaaee5e52f5
BGTM01956,THUNG,18936007570118,02OM00338,Mì khoai tây Omachi Sườn hầm ngũ quả_80g/ gói,30 gói x 80g/ thùng,MIP,MIP - CÔNG TY TNHH MTV CÔNG NGHIỆP MASAN,039:2026/MSI,Viet Nam,2026-09-16,DA_DUYET,,,5dd7e35d-c54f-4758-875a-254cbff7f37f
BGTM01959,THUNG,18936007570125,02OM00770,Mì khoai tây Omachi xốt Bò hầm_81g/ gói,30 gói x 81g/ thùng,MIP,MIP - CÔNG TY TNHH MTV CÔNG NGHIỆP MASAN,038:2026/MSI,Viet Nam,2026-09-16,DA_DUYET,,,48178549-9cf0-4ea3-bfd7-37adc06c183f
BGTM01971,THUNG,18936007570163,02OM00969,Mì khoai tây Omachi Special bò hầm xốt vang_93g/ gói,30 gói x 93g/ thùng,MIP,MIP - CÔNG TY TNHH MTV CÔNG NGHIỆP MASAN,040:2026/MSI,Viet Nam,2026-09-16,DA_DUYET,,,ec190e3e-1a8e-4d34-9da5-0117dfa1603c
BGTM01994,THUNG,18936007570088,02OM00940,Mì khoai tây Omachi Mì Tô Trộn Cua Xốt Ớt_96g/ tô,96g x 12 tô/thùng,MIP,MIP - CÔNG TY TNHH MTV CÔNG NGHIỆP MASAN,062:2026/MSI,Viet Nam,2026-09-15,DA_DUYET,,,c70d8750-bdd2-4685-961c-4c180a3e1969
BGTM01996,THUNG,18936007570262,02OM00785,Mì khoai tây Omachi mì tô trộn hương vị thịt xiên nướng_104g/ tô,12 tô x 104g/ thùng,MIP,MIP - CÔNG TY TNHH MTV CÔNG NGHIỆP MASAN,001:2026/MSI,Viet Nam,2026-09-22,DA_DUYET,,,a392429f-eed6-430b-b0cb-6ca8c93d1602
BGTM02004,THUNG,18936007570101,02KK00313,Mì Kokomi 65 tôm chua cay_65g/ gói,65g x 30 gói/thùng,MIP,MIP - CÔNG TY TNHH MTV CÔNG NGHIỆP MASAN,019:2026/MSI,Viet Nam,2026-09-15,DA_DUYET,,,84e8de90-d113-4380-9c55-a7a26fc257b2
BGTM02008,THUNG,28936007570108,02KK00314,Mì Kokomi 65 tôm chua cay_65g x 100gói/ thùng,65g x 100g/thùng,MIP,MIP - CÔNG TY TNHH MTV CÔNG NGHIỆP MASAN,019:2026/MSI,Viet Nam,2026-09-15,DA_DUYET,,,a0e33789-edad-4019-ab26-faca33e32aee
BGTM02025,THUNG,18936007570330,02KK00511,Mì Kokomi gà hương nấm XK Taiwan (Fullerton)_65gr/ gói,30 gói x 65g/ thùng,MIP,MIP - CÔNG TY TNHH MTV CÔNG NGHIỆP MASAN,090:2026/MSI,Taiwan,2026-09-25,DA_DUYET,,,97bf1a62-0a9d-4726-90ce-314ca84a7315
BGTP00224,THUNG,,01PH00177,CHIN-SU PHỞ STORY PHỞ BÒ - BẮP BÒ NGUYÊN MIẾNG_135 g/ gói,15gói x 135g,MIP,MIP - CÔNG TY TNHH MTV CÔNG NGHIỆP MASAN,002:2026/MSI,Viet Nam,2026-04-29,CHO_DUYET,cùng mã PKG đăng ký nhiều barcode: 18936236472269 (2026-04-29) / 18936007570064 (2026-09-14),,1366adc0-1eea-40bc-8930-c034608be54f
BGTP00225,THUNG,,01PH00080,CHIN-SU PHỞ STORY PHỞ BÒ - BẮP BÒ NGUYÊN MIẾNG_135g/ tô,12tô x 135g,MIP,MIP - CÔNG TY TNHH MTV CÔNG NGHIỆP MASAN,002:2026/MSI,Viet Nam,2026-04-29,CHO_DUYET,cùng mã PKG đăng ký nhiều barcode: 18936236472276 (2026-04-29) / 18936007570071 (2026-09-14),,38ebede3-ae06-481c-890c-8f4c7c7f9dd6
BGTP00235,THUNG,18936007570392,01PH00184,CHIN-SU Pho Story Pho chicken flavor_64g x 5 gói/ Block,6 blocks x 5 gói/ thùng,MIP,MIP - CÔNG TY TNHH MTV CÔNG NGHIỆP MASAN,086:2026/MSI,China,2026-09-26,DA_DUYET,,,fdc1e290-4079-4055-81cd-a994513735d4
BGTP00236,THUNG,18936007570361,01PH00185,CHIN-SU Pho Story Pho beef flavor_68g x 5 gói/ block,6 blocks x 5 gói/ thùng,MIP,MIP - CÔNG TY TNHH MTV CÔNG NGHIỆP MASAN,084:2026/MSI,China,2026-09-26,DA_DUYET,,,6aa77634-3fc1-4e1c-bfa1-82b2cbb56529
BGTP00237,THUNG,18936007570408,01PH00186,CHIN-SU Pho Story Pho chicken flavor_77g/ tô,77g x 12 tô/ thùng,MIP,MIP - CÔNG TY TNHH MTV CÔNG NGHIỆP MASAN,087:2026/MSI,China,2026-09-26,DA_DUYET,,,adfbb8a3-6047-4653-abcb-b18534bcf7b9
BGTP00238,THUNG,18936007570378,01PH00187,CHIN-SU Pho Story Pho beef flavor_81g/ tô,81g x 12 tô/ thùng,MIP,MIP - CÔNG TY TNHH MTV CÔNG NGHIỆP MASAN,085:2026/MSI,China,2026-09-26,DA_DUYET,,,984d97a9-15d9-4e6a-84fc-54d23204bd39
BGTT00602,THUNG,18936007570323,"03OT00286, 03OT00287",Chin-su Chili sauce_480g/ bottle,12 chai x 480g/ thùng,MIP,MIP - CÔNG TY TNHH MTV CÔNG NGHIỆP MASAN,120:2026/MSI,Australia,2026-09-23,DA_DUYET,,,1be8ce4f-6db8-4ee4-b942-0197fb4aeec7
BGTT00626,THUNG,18936007570415,03OT00522,Tương ớt Sriracha CHIN-SU XK China_250g/ chai,3bl x 8 chai x 250g/ thùng,MIP,MIP - CÔNG TY TNHH MTV CÔNG NGHIỆP MASAN,098:2026/MSI,China,2026-09-26,DA_DUYET,,,e0846419-95ce-4c00-bef4-f8edea108d2a
BGTT00628,THUNG,18936236473419,03OT00524,TƯƠNG ỚT CHIN-SU CAY MỚI_130g/ chai,24 chai x 130g/ thùng,MIP,MIP - CÔNG TY TNHH MTV CÔNG NGHIỆP MASAN,56:2026/MS102,Viet Nam,2026-07-27,DA_DUYET,,,d594170e-8a69-485e-be80-cd1cd5a9a990
BGTT00645,THUNG,,03OT00531,Thùng Tương ớt CHIN-SU 1kg MB KM 9hũ muối tôm chua cay CHIN-SU 120gr (TCCS132:2024/MS102)_ 9 bundle/ thùng,9 bundle/ thùng,MIP,MIP - CÔNG TY TNHH MTV CÔNG NGHIỆP MASAN,04:2020/MS102,Viet Nam,2026-07-04,CHO_DUYET,thiếu barcode,,100ae83c-8355-4bf9-b028-bc91e971a9e3
BGTT00646,THUNG,18936007570347,03OT00533,Chin-su chili sauce XK China_135g/ chai,3bl x 8chai x 135g/ thùng,MIP,MIP - CÔNG TY TNHH MTV CÔNG NGHIỆP MASAN,093:2026/MSI,China,2026-09-26,DA_DUYET,,,0e518dc7-797c-41fc-a097-45b375f7a3fd
BGTT00650,THUNG,18936236473389,03OT00534,Xốt muối ớt CHIN-SU xanh (QR)_200g/ chai,12 chai x 200g/ thùng,MIP,MIP - CÔNG TY TNHH MTV CÔNG NGHIỆP MASAN,108:2026/MS102,Viet Nam,2026-07-23,DA_DUYET,,,558019b0-0a41-4ce9-983a-7cc978ecb04f
BGTT00651,THUNG,18936007570132,03OT00535,Xốt muối ớt CHIN-SU Đỏ (QR) _200g/ chai,12 chai x 200g/ thùng,MIP,MIP - CÔNG TY TNHH MTV CÔNG NGHIỆP MASAN,058:2026/MSI,Viet Nam,2026-09-16,DA_DUYET,,,5ec3bd3d-1a62-4a82-bd2c-eb2eeea38d5b
BGTT00652,THUNG,18936236473396,03OT00536,Xốt muối ớt CHIN-SU xanh (QR)_500g/ chai,8 chai x 500g/ thùng,MIP,MIP - CÔNG TY TNHH MTV CÔNG NGHIỆP MASAN,108:2026/MS102,Viet Nam,2026-07-23,DA_DUYET,,,7de70eec-46f0-49b7-85fd-e0e6c797b446
BGTT00653,THUNG,18936007570149,03OT00537,Xốt muối ớt CHIN-SU Đỏ (QR) _500g/ chai,8 chai x 500g/ thùng,MIP,MIP - CÔNG TY TNHH MTV CÔNG NGHIỆP MASAN,058:2026/MSI,Viet Nam,2026-09-16,DA_DUYET,,,c4b87b32-f96b-43c6-b328-3ad21074132b
BGTT00654,THUNG,18936236473402,03OT00538,Xốt muối ớt CHIN-SU xanh (QR)_1kg/ chai,6 chai x 1kg/ thùng,MIP,MIP - CÔNG TY TNHH MTV CÔNG NGHIỆP MASAN,108:2026/MS102,Viet Nam,2026-07-23,DA_DUYET,,,cf4dcfeb-740f-4773-9958-b0c3096a2419
BGTT00655,THUNG,18936007570156,03OT00539,Xốt muối ớt CHIN-SU Đỏ (QR) _1kg/ chai,6 chai x 1kg/ thùng,MIP,MIP - CÔNG TY TNHH MTV CÔNG NGHIỆP MASAN,058:2026/MSI,Viet Nam,2026-09-16,DA_DUYET,,,0bddf187-0e9c-40bd-800d-e481005c0982
BGTT00656,THUNG,18936236473693,03OT00541,Tương ớt CHIN-SU cay nồng _250g/ chai,3bl x 8chai x 250g/ thùng,MIP,MIP - CÔNG TY TNHH MTV CÔNG NGHIỆP MASAN,048:2026/MSI,Viet Nam,2026-08-18,DA_DUYET,,,6a10735e-99d6-4b2a-a34a-37ef3d72effc
BGTT00657,THUNG,18936236473464,03HH00063,Tương Ớt CHIN-SU Original XK Korea (Hyosung)_3 chai x 500g/ hộp,3 chai x 500g x 8 hộp/ thùng,MIP,MIP - CÔNG TY TNHH MTV CÔNG NGHIỆP MASAN,31:2023/MS102,South Korea,2026-08-11,DA_DUYET,,,d433e636-8fae-4c63-ae33-5c89f4010444
BGTT00658,THUNG,18936236473648,03OT00360,CHIN-SU tương ớt_100g/ chai,3bl x 8chai x 100g/ thùng,MIP,MIP - CÔNG TY TNHH MTV CÔNG NGHIỆP MASAN,003:2026/MIP,Viet Nam,2026-08-17,DA_DUYET,,,c5813206-4990-4f35-baa8-e26fa072d4f0
BGTT00659,THUNG,18936236473587,03OT00361,CHIN-SU tương ớt mới_100g/ chai,3bl x 8chai x 100g/ thùng,MIP,MIP - CÔNG TY TNHH MTV CÔNG NGHIỆP MASAN,004:2026/MIP,Viet Nam,2026-08-17,DA_DUYET,,,e0227fe2-441b-46ac-b734-c147c52fdc8e
BGTT00660,THUNG,18936236473655,03OT00362,CHIN-SU tương ớt_250g/ chai,3bl x 8chai x 250g/ thùng,MIP,MIP - CÔNG TY TNHH MTV CÔNG NGHIỆP MASAN,003:2026/MIP,Viet Nam,2026-08-17,DA_DUYET,,,ea2f6e7b-f5c6-4a2e-b0b0-d08d2e588a4a
BGTT00661,THUNG,18936236473594,03OT00363,CHIN-SU tương ớt mới_250g/ chai,3bl x 8chai x 250g/ thùng,MIP,MIP - CÔNG TY TNHH MTV CÔNG NGHIỆP MASAN,004:2026/MIP,Viet Nam,2026-08-17,DA_DUYET,,,7fbb40bb-ea9a-44d7-9965-0dc843e39b14
BGTT00662,THUNG,18936236473662,03OT00364,CHIN-SU tương ớt_500g/ chai,2bl x 6chai x 500g/ thùng,MIP,MIP - CÔNG TY TNHH MTV CÔNG NGHIỆP MASAN,003:2026/MIP,Viet Nam,2026-08-17,DA_DUYET,,,34461326-8c13-444f-a9a2-9c633685a754
BGTT00663,THUNG,18936236473600,03OT00365,CHIN-SU tương ớt mới_500g/ chai,2bl x 6chai x 500g/ thùng,MIP,MIP - CÔNG TY TNHH MTV CÔNG NGHIỆP MASAN,004:2026/MIP,Viet Nam,2026-08-17,DA_DUYET,,,52b2da53-d4da-44b8-b5eb-667fa08a2c68
BGTT00664,THUNG,18936236473679,03OT00316,CHIN-SU tương ớt_1kg/ chai,2bl x 6chai x 1kg/ thùng,MIP,MIP - CÔNG TY TNHH MTV CÔNG NGHIỆP MASAN,003:2026/MIP,Viet Nam,2026-08-17,DA_DUYET,,,d88693c7-9d65-4e36-82dc-fa921561c2b2
BGTT00665,THUNG,18936236473617,03OT00317,CHIN-SU tương ớt mới_1kg/ chai,2bl x 6chai x 1kg/ thùng,MIP,MIP - CÔNG TY TNHH MTV CÔNG NGHIỆP MASAN,004:2026/MIP,Viet Nam,2026-08-17,DA_DUYET,,,36afe2d7-0eea-4b1d-abc4-6f9d8a4f2f4f
BGTT00666,THUNG,18936236473686,03OT00368,CHIN-SU tương ớt_2kg/ chai,4chai x 2kg/ thùng,MIP,MIP - CÔNG TY TNHH MTV CÔNG NGHIỆP MASAN,003:2026/MIP,Viet Nam,2026-08-17,DA_DUYET,,,04e14683-1eac-4735-af7a-03c271dce770
BGTT00667,THUNG,18936236473624,03OT00369,CHIN-SU tương ớt mới_2kg/ chai,4chai x 2kg/ thùng,MIP,MIP - CÔNG TY TNHH MTV CÔNG NGHIỆP MASAN,004:2026/MIP,Viet Nam,2026-08-17,DA_DUYET,,,688804e0-22e0-48cc-a30c-f2d6c7a8f738
BGTT00668,THUNG,18936236473631,03OT00410,CHIN-SU tương ớt mới_5kg/ chai,3chai x 5kg/ thùng,MIP,MIP - CÔNG TY TNHH MTV CÔNG NGHIỆP MASAN,004:2026/MIP,Viet Nam,2026-08-17,DA_DUYET,,,f8029e6f-649a-4337-b153-082abcf5f0eb
BGTT00669,THUNG,18936007570309,"03OT00198, 03OT00160",Chin-su Chili sauce_250g/ bottle,24 chai x 250g/ thùng,MIP,MIP - CÔNG TY TNHH MTV CÔNG NGHIỆP MASAN,120:2026/MSI,Australia,2026-09-23,DA_DUYET,,,bbc32eb3-9a07-4a2a-9950-5a31d6dc3ee3
BGTT00670,THUNG,18936007570316,"03OT00391, 03OT00392",Chin-su Chili sauce_960g/ bottle,12 chai x 960g/ thùng,MIP,MIP - CÔNG TY TNHH MTV CÔNG NGHIỆP MASAN,120:2026/MSI,Australia,2026-09-23,DA_DUYET,,,c297a949-3b27-4721-a576-399deb1e08f9
BNHO00279,DON_VI,8936236472033,02OM00968,Lẩu cầm tay Omachi - Mì trộn hương vị lẩu tôm hùm phô mai_78g / ly,78g/ ly,MIP,MIP - CÔNG TY TNHH MTV CÔNG NGHIỆP MASAN,40:2026/MS101,Viet Nam,2026-03-26,DA_DUYET,,,27d2b686-858f-449b-9ffa-bade73afaac5
BNHO00288,DON_VI,8936007570272,02OM00859,Mì khoai tây Omachi Mì ly hương vị tôm càng chua cay_67g/ ly,67g/ ly,MIP,MIP - CÔNG TY TNHH MTV CÔNG NGHIỆP MASAN,008:2026/MSI,Viet Nam,2026-09-23,DA_DUYET,,,2ff86375-a8f1-4143-bf9e-df0c63c967d7
BNHO00289,DON_VI,8936007570203,02OM00858,Mì khoai tây Omachi mì ly sườn hầm ngũ quả_70g/ ly,70g/ ly,MIP,MIP - CÔNG TY TNHH MTV CÔNG NGHIỆP MASAN,009:2026/MSI,Viet Nam,2026-09-18,DA_DUYET,,,a693b7a1-9415-45ed-870a-c147726fbff6
BNHO00290,DON_VI,8936007570173,02OM00857,MÌ KHOAI TÂY OMACHI MỲ LY XỐT BÒ HẦM (*)_69g/ ly,69g/ ly,MIP,MIP - CÔNG TY TNHH MTV CÔNG NGHIỆP MASAN,007:2026/MSI,Viet Nam,2026-09-18,DA_DUYET,,,c00e1714-9a98-452a-84ac-39c7a1a7eaba
BNHO00291,DON_VI,8936007570289,02OM00862,Mì khoai tây Omachi Mì ly thịt hương vị tôm càng chua cay_112g/ ly,112g/ ly,MIP,MIP - CÔNG TY TNHH MTV CÔNG NGHIỆP MASAN,014:2026/MSI,Viet Nam,2026-09-23,DA_DUYET,,,98d3ebd8-5065-4900-97e4-d0f3aedb4c7f
BNHO00292,DON_VI,8936007570210,02OM00861,Mì khoai tây Omachi mì ly thịt sườn hầm ngũ quả mới_115g/ ly,115g/ ly,MIP,MIP - CÔNG TY TNHH MTV CÔNG NGHIỆP MASAN,015:2026/MSI,Viet Nam,2026-09-18,DA_DUYET,,,4a64047b-48f2-447d-be0d-307656b44a0d
BNHO00293,DON_VI,,02OM00860,MÌ KHOAI TÂY OMACHI MỲ LY THỊT XỐT BÒ HẦM (*) MỚI_113g/ ly,113g/ ly,MIP,MIP - CÔNG TY TNHH MTV CÔNG NGHIỆP MASAN,013:2026/MSI,Viet Nam,2026-09-18,CHO_DUYET,cùng mã PKG đăng ký nhiều barcode: 8936236472767 (2026-06-03) / 8936007570180 (2026-09-18),,1a922211-5855-46f3-b029-ff77cb7eeb3d
BNHO00295,DON_VI,8936007570463,02KK00505,Kokomi Instant Noodles Sour And Hot Shrimp Flavor_60g/ ly,60g/ ly,MIP,MIP - CÔNG TY TNHH MTV CÔNG NGHIỆP MASAN,089:2026/MSI,China,2026-09-26,DA_DUYET,,,802f3e82-a27c-4238-bb77-fca6e2bf3100
BNHO00296,DON_VI,8936007570470,02KK00506,Kokomi Instant Noodles Chicken & Mushroom Flavor_60g/ ly,60g/ ly,MIP,MIP - CÔNG TY TNHH MTV CÔNG NGHIỆP MASAN,091:2026/MSI,China,2026-09-26,DA_DUYET,,,e22de457-0a81-46eb-97e5-23c76f5d567c
BNHO00297,DON_VI,8936236473214,02KK00321,Mì Kokomi ly Tôm chua cay 65_65g/ ly,65g/ ly,MIP,"MBP - Nhà máy Masan Miền Bắc - MMB, MIP - CÔNG TY TNHH MTV CÔNG NGHIỆP MASAN",55:2026/MS101,Viet Nam,2026-07-06,DA_DUYET,,,b93e73de-7ff1-44d1-919e-f5c94ca7ac39
BNHO00299,DON_VI,8936007570098,02KK00321,Mì Kokomi ly Tôm chua cay 65_65g/ ly,65g/ ly,MIP,MIP - CÔNG TY TNHH MTV CÔNG NGHIỆP MASAN,017:2026/MSI,Viet Nam,2026-09-15,DA_DUYET,,,69289cd3-ad09-476d-9b95-1aac7f1a7878
BNHO00301,DON_VI,8936007570029,02KK00369,Mì Kokomi ly 90 Tôm chua cay (có cây thịt)_90g/ ly,90g/ly,MIP,MIP - CÔNG TY TNHH MTV CÔNG NGHIỆP MASAN,018:2026/MSI,Viet Nam,2026-09-12,DA_DUYET,,,e3689254-5071-46a3-868f-dfaaee5e52f5
BNMC01061,DON_VI,8936007570395,01PH00184,CHIN-SU Pho Story Pho chicken flavor_64g x 5 gói/ Block,64g x 5 gói/ block,MIP,MIP - CÔNG TY TNHH MTV CÔNG NGHIỆP MASAN,086:2026/MSI,China,2026-09-26,DA_DUYET,,,fdc1e290-4079-4055-81cd-a994513735d4
BNMC01062,DON_VI,8936007570364,01PH00185,CHIN-SU Pho Story Pho beef flavor_68g x 5 gói/ block,68g x 5 gói/ block,MIP,MIP - CÔNG TY TNHH MTV CÔNG NGHIỆP MASAN,084:2026/MSI,China,2026-09-26,DA_DUYET,,,6aa77634-3fc1-4e1c-bfa1-82b2cbb56529
BNMC01063,DON_VI,8936236473177,01PH00188,Phở CHIN-SU Story hương vị bò XK Philippines (PAV)_5gói x 67g/ Block,5gói x 67g/ Block,MIP,MIP - CÔNG TY TNHH MTV CÔNG NGHIỆP MASAN,115:2024/MS101,Philippines,2026-06-26,DA_DUYET,,,02174104-e8fa-4fc5-81da-4af72b824a4d
BNMC01079,DON_VI,8936007570432,02KK00507,Kokomi Instant Noodles Sour And Hot Shrimp Flavor_5 gói x 65g/ block,5 gói x 65g/ block,MIP,MIP - CÔNG TY TNHH MTV CÔNG NGHIỆP MASAN,088:2026/MSI,China,2026-09-26,DA_DUYET,,,2ea7fe60-c771-4061-82c8-cf5ed7ab80ff
BNMC01080,DON_VI,8936007570456,02KK00508,Kokomi Instant Noodles Chicken & Mushroom Flavor_5 gói x 65g/ Block,5 gói x 65g/ block,MIP,MIP - CÔNG TY TNHH MTV CÔNG NGHIỆP MASAN,090:2026/MSI,China,2026-09-26,DA_DUYET,,,4354587d-322c-4d2d-a567-6b9f6042eeca
BNNG00033,DON_VI,8936236472965,03HG00262,CHIN-SU - Lobster granule _450g/ hũ,450g/ hũ,MIP,MIP - CÔNG TY TNHH MTV CÔNG NGHIỆP MASAN,52:2026/MS102,Russia,2026-06-12,DA_DUYET,,,a1b7b26b-ea6b-4ff5-b557-0d2ad13d4e9d
BNNG00034,DON_VI,8936236472958,03HG00263,CHIN-SU - Shiitake Mushroom & Kombu Granule_450g/ hũ,450g/ hũ,MIP,MIP - CÔNG TY TNHH MTV CÔNG NGHIỆP MASAN,51:2026/MS102,Russia,2026-06-12,DA_DUYET,,,3f5fb898-8344-49c8-9281-4831e6821060
BNNO00237,DON_VI,8936236473184,03OT00530,CHIN-SU XỐT VỊ PHÔ MAI CAY_165g/ chai,165g/ chai,MIP,MIP - CÔNG TY TNHH MTV CÔNG NGHIỆP MASAN,97:2026/MS102,Viet Nam,2026-06-26,DA_DUYET,,,cc17022b-bdb1-44e8-b985-e76cf588774f
BNNT00094,DON_VI,8936236472798,03NT00578,Nước tương CHIN-SU Tỏi ớt XK Mỹ _500ml/ chai,500ml/ chai,MIP,"MSI, MIP - CÔNG TY TNHH MTV CÔNG NGHIỆP MASAN",65:2026/MS102,"Japan, United States",2026-06-03,DA_DUYET,,,6484065e-a58e-4f42-99b3-eb2c86051d88
BNNT00095,DON_VI,8936236472798,03NT00578,Nước tương CHIN-SU Tỏi ớt XK Mỹ _500ml/ chai,500ml/ chai,MIP,"MSI, MIP - CÔNG TY TNHH MTV CÔNG NGHIỆP MASAN",65:2026/MS102,"Japan, United States",2026-06-03,DA_DUYET,,,6484065e-a58e-4f42-99b3-eb2c86051d88
BNNT00110,DON_VI,8936236472316,03NT00622,THỰC PHẨM BỔ SUNG - NƯỚC TƯƠNG TAM THÁI TỬ NHẤT CA_500ml/ chai,500ml/ chai,MIP,MIP - CÔNG TY TNHH MTV CÔNG NGHIỆP MASAN,31:2022/MS102,Viet Nam,2026-05-09,DA_DUYET,,,ef58829a-c189-48ca-a6c3-a9489687c7da
BNNT00111,DON_VI,8936236472323,03NT00621,THỰC PHẨM BỔ SUNG - NƯỚC TƯƠNG TAM THÁI TỬ NHẤT CA_650ml/ chai,650ml/ chai,MIP,MIP - CÔNG TY TNHH MTV CÔNG NGHIỆP MASAN,31:2022/MS102,Viet Nam,2026-05-09,DA_DUYET,,,829a17ed-a3bb-4189-8c67-0d48aecdbdaa
BNTU01692,DON_VI,8936236472347,03HG00256,Hạt nêm CHIN-SU Ngọt Thanh Xương Hầm Cô Đặc MN_400gr/ gói,400g/ gói,MIP,MIP - CÔNG TY TNHH MTV CÔNG NGHIỆP MASAN,76:2026/MS102,Viet Nam,2026-06-04,DA_DUYET,,,58aabc46-6e1a-40ac-a73d-18b59296b10e
BNTU01694,DON_VI,8936236472385,03HG00258,Hạt nêm CHIN-SU Ngọt Thanh Xương Hầm Cô Đặc MN_900gr/ gói,900g/ gói,MIP,MIP - CÔNG TY TNHH MTV CÔNG NGHIỆP MASAN,76:2026/MS102,Viet Nam,2026-06-04,DA_DUYET,,,94fd7f6b-c48a-48eb-911a-16932f6b69ef
BNTU01696,DON_VI,8936236472408,97HG00020,Hạt nêm CHIN-SU Ngọt Thanh Xương Hầm Cô Đặc MN_170gr/ gói,170g/ gói,MIP,MIP - CÔNG TY TNHH MTV CÔNG NGHIỆP MASAN,76:2026/MS102,Viet Nam,2026-06-04,DA_DUYET,,,842734bb-cc8f-472c-8943-453ee20eaa22
BNTU01700,DON_VI,8936236472934,03HG00264,Hạt nêm CHIN-SU FOODS_400g/ gói,400g/ gói,MIP,MIP - CÔNG TY TNHH MTV CÔNG NGHIỆP MASAN,21:2026/MS102,Viet Nam,2026-06-12,DA_DUYET,,,ea0e6226-230f-450b-8d58-425cafdf8678
BNTU01719,DON_VI,8936236472835,03HG00260,Hạt nêm CHIN-SU FOODS Xương Thịt Củ Sen_1kg/ gói,1kg/ gói,MIP,MIP - CÔNG TY TNHH MTV CÔNG NGHIỆP MASAN,21:2026/MS102,Viet Nam,2026-06-09,DA_DUYET,,,d018e9fd-1ce7-4b12-9007-c7bcd7bc9970
BNTU01722,DON_VI,8936236473122,03HG00265,Hạt nêm CHIN-SU FOODS (Hạt nêm CHIN-SU xương thịt củ sen)_600g/ gói,600g/ gói,MIP,MIP - CÔNG TY TNHH MTV CÔNG NGHIỆP MASAN,21:2026/MS102,Viet Nam,2026-06-16,DA_DUYET,,,bacd64d0-ab35-4c54-b023-f6e0e2e2e178
BNTU01766,DON_VI,,03HG00269,CHIN-SU HẠT NÊM VỊ NGỌT TÔM THƠM THỊT_500g/ gói,500g/ gói,MIP,MIP - CÔNG TY TNHH MTV CÔNG NGHIỆP MASAN,034:2026/MSI,Viet Nam,2026-08-25,CHO_DUYET,cùng mã PKG đăng ký nhiều barcode: 8936236474075 (2026-08-25) / 8936007570234 (2026-09-21),,1453d078-9e29-4889-8152-832c9dd79a48
BNTU01768,DON_VI,,03HG00271,CHIN-SU HẠT NÊM VỊ NGỌT TÔM THƠM THỊT_900g/ gói,900g/ gói,MIP,MIP - CÔNG TY TNHH MTV CÔNG NGHIỆP MASAN,034:2026/MSI,Viet Nam,2026-08-25,CHO_DUYET,cùng mã PKG đăng ký nhiều barcode: 8936236474082 (2026-08-25) / 8936007570241 (2026-09-21),,1df5c451-14a8-4e47-8997-d16fd6560cae
BNTU01770,DON_VI,,03HG00273,HẠT NÊM CHIN-SU VỊ NGỌT TÔM THƠM THỊT _1.8kg/ gói,1.8kg/ gói,MIP,MIP - CÔNG TY TNHH MTV CÔNG NGHIỆP MASAN,033:2026/MSI,Viet Nam,2026-08-25,CHO_DUYET,cùng mã PKG đăng ký nhiều barcode: 8936236474112 (2026-08-25) / 8936007570258 (2026-09-21),,2a886362-a9bb-45bd-83a3-b63e748208fa
BNTU01781,DON_VI,8936007570012,03HG00275,Hạt nêm CHIN-SU ngọt xương thơm thịt XK Nhật_380g/ gói,380g/ gói,MIP,MIP - CÔNG TY TNHH MTV CÔNG NGHIỆP MASAN,057:2026/MSI,Japan,2026-09-10,DA_DUYET,,,7c63a670-a742-4398-a0bf-7326dd215558
BNTU01785,DON_VI,8936007570487,03HG00280,Hạt nêm CHIN-SU vị xương thịt XK Korea (OTL)_400gr/ Gói,400g/ gói,MIP,MIP - CÔNG TY TNHH MTV CÔNG NGHIỆP MASAN,057:2026/MSI,South Korea,2026-09-28,DA_DUYET,,,4421503e-6857-419a-87ac-bfe6c35994f0
04MS02310,DON_VI,8936236472040,02KK00420,KOKOMI Đại Mì 90 Hương vị Sườn,90g / gói,MSI,MSI,45:2026/MS101,Viet Nam,2026-03-27,DA_DUYET,,,76ad7974-5efc-11f1-9082-06da3b0c1074
BGNA01862,DON_VI,8936236472927,03NM00966,Nam Ngư Fish sauce XK Indonesia_750ml/ chai,750ml/ chai,MSI,"MSI, MIP - CÔNG TY TNHH MTV CÔNG NGHIỆP MASAN",75:2026/MS102,Indonesia,2026-06-12,DA_DUYET,,,7156a347-89a9-42b7-975d-09ea14d912e8
BGNA01863,DON_VI,8936236472927,03NM00966,Nam Ngư Fish sauce XK Indonesia_750ml/ chai,750ml/ chai,MSI,"MSI, MIP - CÔNG TY TNHH MTV CÔNG NGHIỆP MASAN",75:2026/MS102,Indonesia,2026-06-12,DA_DUYET,,,7156a347-89a9-42b7-975d-09ea14d912e8
BGTM01895,THUNG,,02KK00420,KOKOMI Đại Mì 90 Hương vị Sườn,90g / gói,MSI,MSI,45:2026/MS101,Viet Nam,2026-03-27,CHO_DUYET,thiếu barcode,,76ad7974-5efc-11f1-9082-06da3b0c1074
BNNT00094,DON_VI,8936236472798,03NT00578,Nước tương CHIN-SU Tỏi ớt XK Mỹ _500ml/ chai,500ml/ chai,MSI,"MSI, MIP - CÔNG TY TNHH MTV CÔNG NGHIỆP MASAN",65:2026/MS102,"Japan, United States",2026-06-03,DA_DUYET,,,6484065e-a58e-4f42-99b3-eb2c86051d88
BNNT00095,DON_VI,8936236472798,03NT00578,Nước tương CHIN-SU Tỏi ớt XK Mỹ _500ml/ chai,500ml/ chai,MSI,"MSI, MIP - CÔNG TY TNHH MTV CÔNG NGHIỆP MASAN",65:2026/MS102,"Japan, United States",2026-06-03,DA_DUYET,,,6484065e-a58e-4f42-99b3-eb2c86051d88
BGHP00753,DON_VI,8935149853199,04HP00624,Nước rửa chén NET Yêu Thương Đậm đặt hương Chanh tươi mát 2kg,túi 2kg,NEP,NEP - Công ty Cổ Phần Bột giặt NET,07:2026/NET,Viet Nam,2026-07-13,DA_DUYET,,,53463a8f-4387-4ac2-b030-c5a36c0cb45b
BGST02624,DON_VI,8935149853175,04HP00625,Nước rửa chén NET Yêu Thương Đậm đặt hương Chanh 1.4kg,can 1.4kg,NEP,NEP - Công ty Cổ Phần Bột giặt NET,06:2026/NET,Viet Nam,2026-07-13,DA_DUYET,,,8e441188-639c-430d-84e4-c916e7bde2fc
BGST02626,DON_VI,8935149853168,04HP00627,Nước rửa chén NET Yêu Thương Đậm đặt hương Chanh 3.8kg,chai 3.8kg,NEP,NEP - Công ty Cổ Phần Bột giặt NET,06:2026/NET,Viet Nam,2026-07-13,DA_DUYET,,,f48d69ef-6c8d-45f9-b905-82ecec46b04f
BGST02628,DON_VI,8935149853144,04HP00630,Nước rửa chén NET Yêu Thương Sạch hương Chanh 3.8kg,can 3.8kg,NEP,NEP - Công ty Cổ Phần Bột giặt NET,04:2026/NET,Viet Nam,2026-07-13,DA_DUYET,,,992fcb88-d8a7-4407-bbc0-4ffafce4b31d
BGST02630,DON_VI,8935149853151,04HP00631,Nước rửa chén NET Yêu Thương Sạch hương Trà Xanh 3.8kg,chai 3.8kg,NEP,NEP - Công ty Cổ Phần Bột giặt NET,05:2026/NET,Viet Nam,2026-07-13,DA_DUYET,,,ff45b74d-2fd0-498c-9693-75b3cb69b1a8
BGTS02622,THUNG,18935149853202,04HP00622,Nước rửa chén NET Yêu Thương Đậm đặt hương Chanh tươi mát 750g,15 chai/thùng,NEP,NEP - Công ty Cổ Phần Bột giặt NET,07:2026/NET,Viet Nam,2026-07-13,DA_DUYET,,,b2975597-c240-4205-b37b-a3d6a5e3961f
BNCH00734,DON_VI,8936236476215,04HP00577,Nước lau sàn Chante cao cấp 8 trong 1 hương hoa anh đào  Provence (UQR) 3.2kg,3.2 kg x 4 chai,NEP,NEP - Công ty Cổ Phần Bột giặt NET,TCCS 03:2026/MS121,Viet Nam,2026-03-02,DA_DUYET,,,4d0934b4-136a-4518-8f2c-b29ccc13a72b
BNCH00736,DON_VI,8936236476222,04HP00578,Nước lau sàn Chante cao cấp 8 trong 1 hương tinh dầu thông & hoa trà (UQR) 3.2kg,3.2 kg x 4 chai,NEP,NEP - Công ty Cổ Phần Bột giặt NET,TCCS 05:2026/MS121,Viet Nam,2026-03-02,DA_DUYET,,,0d77ec29-9ffb-4cb6-994d-df5b1408e81a
BNCH00741,DON_VI,8936236476253,04HP00590,Nước giặt xả Chanté Active cao cấp 8 trong 1 năng động thể thao (UQR) 1kg,Chai 1kg,NEP,NEP - Công ty Cổ Phần Bột giặt NET,TCCS: 04:2026/MS121,Viet Nam,2026-04-16,DA_DUYET,,,0817f549-4c74-4b7b-a8e8-7780443f7c7e
BNCH00742,DON_VI,8936236476260,04HP00591,Nước giặt xả Chanté Active cao cấp 8 trong 1 thanh lịch (UQR) 1kg,Chai 1kg,NEP,NEP - Công ty Cổ Phần Bột giặt NET,TCCS: 12:2026/MS121,Viet Nam,2026-04-16,DA_DUYET,,,f3697df2-ec72-4f18-b5da-556829f0cb4c
BNCH00782,DON_VI,8935149853212,04HP00615,Nước giặt xả NET Matic Yêu Thương Diệu kỳ 3.3kg,can 3.3kg,NEP,NEP - Công ty Cổ Phần Bột giặt NET,08:2026/NET,Viet Nam,2026-07-13,DA_DUYET,,,dcf0074d-c710-4193-b792-6d5287a82826
BNCH00784,DON_VI,8935149853182,04HP00620,Nước rửa chén NET Yêu Thương Đậm đặt hương Chanh tươi mát 250g,chai 250g,NEP,NEP - Công ty Cổ Phần Bột giặt NET,07:2026/NET,Viet Nam,2026-07-13,DA_DUYET,,,a82eeb31-f441-4a1a-ba47-4ca479188b48
BNHO00294,DON_VI,8936236476284,04HP00595,Bột giặt Joins thách thức vết bẩn trơ lì 4.62kg,6 gói 770g chưa trong xô nhựa,NEP,NEP - Công ty Cổ Phần Bột giặt NET,TCCS: 17:2025/MS121,Viet Nam,2026-05-30,DA_DUYET,,,fc19aaf0-1d45-4605-be36-47be2a1110ca
BNMA00129,DON_VI,8936236476147,97HP00090,Nước giặt xả đậm đặc Homey hương hoa mơ xứ Hàn,60,NEP,NEP - Công ty Cổ Phần Bột giặt NET,TCCS 01:2026/MS121,Viet Nam,2026-03-02,DA_DUYET,,,8ae70887-43e5-42c7-ba2b-36390840b5e8
BNMA00134,DON_VI,8936236476246,97HP00096,Nước giặt xả Chanté Active cao cấp 8 trong 1 năng động thể thao 60gr,gói 60g,NEP,NEP - Công ty Cổ Phần Bột giặt NET,TCCS: 04:2026/MS121,Viet Nam,2026-04-16,DA_DUYET,,,a6968803-c913-4dff-9954-9b89d6e2d9a6
BNMA00139,DON_VI,8935149853243,04HP00613,Bột giặt NET Yêu thương hương hoa Ngọc Lan 600g,túi 600g,NEP,NEP - Công ty Cổ Phần Bột giặt NET,10:2026/NET,Viet Nam,2026-07-13,DA_DUYET,,,9a0937d3-f80b-4cfa-8f74-4a5274d9cd66
BNMA00142,DON_VI,8935149853274,97HP00101,Bột giặt NET Yêu thương hương hoa Ngọc Lan 75g,túi 75g,NEP,NEP - Công ty Cổ Phần Bột giặt NET,10:2026/NET,Viet Nam,2026-07-13,DA_DUYET,,,8cb7710c-15d7-46d2-9353-d8e74e59d658
BNMA00143,DON_VI,8935149853298,97HP00103,Nước giặt xả NET Matic Yêu Thương Diệu Kỳ 60g,túi 60g,NEP,NEP - Công ty Cổ Phần Bột giặt NET,08:2026/NET,Viet Nam,2026-08-27,DA_DUYET,,,67f09660-80f7-4ed2-a1b2-77e6ee6e8f9b
BNMA00147,DON_VI,8935149853304,04HP00643,Bột giặt NET Yêu Thương hương Hoa Ngọc Lan 2bịch x 5.5kg,túi 5.5kg,NEP,NEP - Công ty Cổ Phần Bột giặt NET,10:2026/NET,Viet Nam,2026-09-15,DA_DUYET,,,263f71c7-c3e8-4c9c-b3eb-4eac982858b0
BNMA00148,DON_VI,8935149853311,04HP00644,Bột giặt NET Yêu Thương hương Hoa Ngọc Lan 40bịch x 300g,túi 300g,NEP,NEP - Công ty Cổ Phần Bột giặt NET,10:2026/NET,Viet Nam,2026-09-15,DA_DUYET,,,ed5030cc-2dc0-417c-a7fe-5e80fba9af0e
BNST00208,DON_VI,8936236476338,04HP00609,Sương xịt vải khử mùi quần áo Chanté 50ml,chai 50 ml,NEP,NEP - Công ty Cổ Phần Bột giặt NET,12:2026/MS121,Viet Nam,2026-09-21,DA_DUYET,,,62f0bea4-8dca-45c6-899f-a8e2c368bdcd
BNST00210,DON_VI,8935149853137,04HP00629,Nước rửa chén NET Yêu Thương Sạch hương Chanh 800g,chai 800g,NEP,NEP - Công ty Cổ Phần Bột giặt NET,04:2026/NET,Viet Nam,2026-07-13,DA_DUYET,,,fa8264ce-c03e-44d0-8045-d6d1275812de
BNTU01673,DON_VI,8936236476185,04HP00574,Nước rửa chén Chante cao cấp 8 trong 1 huỏng cam & thảo mộc (UQR) 3.2kg,3.2 kg x 4 túi,NEP,NEP - Công ty Cổ Phần Bột giặt NET,TCCS 07:2026/MS121,Viet Nam,2026-03-02,DA_DUYET,,,9f407bb6-3a3c-4731-b08a-c2c04a5e532d
BNTU01680,DON_VI,8936236476192,04HP00584,Nước giặt xả Chante Active cao cấp 8 trong 1 năng động thể thao (UQR) 3.2kg,3.2 kg x 4 túi,NEP,NEP - Công ty Cổ Phần Bột giặt NET,TCCS 04:2026/MS121,Viet Nam,2026-03-02,DA_DUYET,,,958d8237-ff22-489e-900f-f0bfd4b3aaaa
BNTU01685,DON_VI,8936236476239,04HP00589,Nước giặt xả đậm đặc Homey hương hoa Trà Japonica Jeju,Túi 3.4kg,NEP,NEP - Công ty Cổ Phần Bột giặt NET,TCCS: 08:2026/MS121,Viet Nam,2026-04-15,DA_DUYET,,,d34d5824-fe8d-4230-ae5a-68c9a3ddcbd4
BNTU01732,DON_VI,8936236476291,04HP00610,Nước giặt xả đậm đặc Homey hương hoa mơ hồng Hàn Quốc 3.4kg,túi 3.4kg,NEP,NEP - Công ty Cổ Phần Bột giặt NET,TCCS 11:2026/MS121,Viet Nam,2026-07-06,DA_DUYET,,,1b5c8a0b-93b4-4b9c-a612-7f3b2a47c8b6
BNTU01733,DON_VI,8935149853229,04HP00616,Nước giặt xả NET Matic Yêu Thương Diệu kỳ 3kg,túi 3kg,NEP,NEP - Công ty Cổ Phần Bột giặt NET,08:2026/NET,Viet Nam,2026-07-13,DA_DUYET,,,7f82e786-5529-4fb8-a3e6-1843a8fa9e7a
BNTU01734,DON_VI,8935149853267,04HP00619,Bột giặt NET Yêu thương Extra 5.5kg,túi 5.5kg,NEP,NEP - Công ty Cổ Phần Bột giặt NET,09:2026/NET,Viet Nam,2026-07-13,DA_DUYET,,,0d846192-6a4d-46bb-a8e6-e24f8a3ce6e2
BNTU01735,DON_VI,8935149853250,04HP00612,Bột giặt NET Yêu thương hương hoa Ngọc Lan 2.4kg,túi 2.4kg,NEP,NEP - Công ty Cổ Phần Bột giặt NET,10:2026/NET,Viet Nam,2026-07-13,DA_DUYET,,,b475706d-c122-4c55-a329-3b76e1fd17ed
BNTU01740,DON_VI,8936236476307,04HP00633,Nước giặt xả cao cấp 8 trong 1 Chanté hương Hoa Hồng Pháp 3.8kg,túi 3.8kg,NEP,NEP - Công ty Cổ Phần Bột giặt NET,13:2024/MS121,Viet Nam,2026-07-13,DA_DUYET,,,55b7fa97-3d31-4410-bbb2-5ea7271e1a79
BNTU01753,DON_VI,8936236476314,04HP00547,Nước giặt xả đậm đặc Homey hương hoa Jeju mới 3.4kg,túi 3.4kg,NEP,NEP - Công ty Cổ Phần Bột giặt NET,15:2026/MS121,Viet Nam,2026-08-04,DA_DUYET,,,749600ae-e803-4dac-91b5-e60be7067014
BNTU01761,DON_VI,8936236476321,04HP00635,Nước giặt xả cao cấp 8 trong 1 Chante hương hoa Hồng Gold Bunny Pháp 4kg 3.4kg,túi 4.0kg,NEP,NEP - Công ty Cổ Phần Bột giặt NET,16:2026/MS121,Viet Nam,2026-08-11,DA_DUYET,,,ec0dc11b-5f33-4105-95b9-fc8bc013c2de
BNMA00149,DON_VI,8936236476352,04HP00646,Dầu gội Santoso lưu hương đắm say 6ml,6ml,OCM,OCM - CÔNG TY CỔ PHẦN OCM VIỆT NAM,001:2026/MSC,Viet Nam,2026-09-28,DA_DUYET,,,a22e16a3-5600-41a9-8648-af3a5aea523b
BNST00213,DON_VI,8936236476345,04HP00645,Dầu gội Santoso lưu hương đắm say 400ml,400ml,OCM,OCM - CÔNG TY CỔ PHẦN OCM VIỆT NAM,001:2026/MSC,Viet Nam,2026-09-28,DA_DUYET,,,42100539-b0b8-422d-8cd5-578ecce4eaab
BGRX00250,DON_VI,18936034876337,02XX00150,PONNIE XÚC XÍCH DINH DƯỠNG THỊT HEO MỚI,"""45 cây *19”",SNF,SNF,22MML:2025/MJ109,Viet Nam,2026-06-16,CHO_DUYET,barcode 14 số không đúng cấp DON_VI,,0725f0c7-0273-4b8c-bf1e-fe67aa204d0e
BGRX00274,DON_VI,18936034875705,02XX00132,PONNIE XÚC XÍCH DINH DƯỠNG THỊT HEO MỚI,"""5,6kg (20 gói × 4 cây × 70g”",SNF,SNF,22MML:2025/MJ109,Viet Nam,2026-06-16,CHO_DUYET,barcode 14 số không đúng cấp DON_VI,,628c9b3a-eacb-4103-a1f3-d330ce1cf599
BGTX00265,THUNG,18936034877129,02XX00204,XÚC XICH HEO CAO BỒI NHÂN PHÔ MAI VỊ BẮP,"""3,84kg (10 giỏ x 384g)”",SNF,SNF,54MML:2025/MJ109,Viet Nam,2026-06-16,DA_DUYET,,,83b3a39e-6e24-47ba-9108-e44ce6f61e78
BGTX00266,THUNG,18936034877136,02XX00206,XÚC XICH HEO CAO BỒI NHÂN PHÔ MAI,"3,84kg( 10 giỏ × 384g)",SNF,SNF,53MML:2025/MJ109,Viet Nam,2026-06-16,DA_DUYET,,,41aaabd3-b794-408c-899e-f71e88d5d303
BGTX00267,THUNG,18936034877105,02XX00205,XÚC XICH HEO CAO BỒI NHÂN PHÔ MAI VỊ BẮP,"""12 túi x 480g”",SNF,SNF,54MML:2025/MJ109,Viet Nam,2026-04-10,DA_DUYET,,,6e541bd2-c92e-43f1-9ad3-cfb042a5a5c9
BGTX00268,THUNG,18936034877112,02XX00205,XÚC XICH HEO CAO BỒI NHÂN PHÔ MAI,"""12 túi x 480g”",SNF,SNF,53MML:2025/MJ109,Viet Nam,2026-04-10,DA_DUYET,,,ba4c8adc-ae0b-47da-8c44-11a1fe2e3c84
BGTX00272,THUNG,28936034875252,02XX00090,XÚC XÍCH DINH DƯỠNG THỊT HEO,“20 gói x 5 cây x 35g),SNF,SNF,22MML:2025/MJ109,Viet Nam,2026-04-10,DA_DUYET,,,2a9729ab-9221-4982-8d4e-2eeb2840ad83
BGTX00301,THUNG,18936034877747,02XX00224,Xúc Xích Heo Cao Bồi Lắc Hương Vị Phô Mai,"""48 ly x 42,2g”",SNF,SNF,56MML:2025/MJ109,Viet Nam,2026-04-10,DA_DUYET,,,af2df9df-c24d-4bde-81db-96b862c3b9ca
BGTX00314,THUNG,28936034875283,02XX00138,PONNIE XÚC XÍCH DINH DƯỠNG THỊT HEO,"""2,16kg (4 hộp × 12 cây × 45g”",SNF,SNF,55MML:2025/MJ109,Viet Nam,2026-06-16,DA_DUYET,,,11d4b972-13de-4425-8c78-28f187a099dd
BGTX00326,THUNG,28936034875368,02XX00267,PONNIE XÚC XÍCH DINH DƯỠNG THỊT HEO,"""2,16kg (4 hộp × 12 cây × 45g”",SNF,SNF,108MML:2025/MJ109,Viet Nam,2026-06-16,DA_DUYET,,,06a73b3f-651c-48b2-8629-be5d244f5de1
BGTX00368,THUNG,18936034877723,02XX00302,Xúc Xích Heo Cao Bồi Lắc xốt kiểu Spaghetti,"""2,448kg (48 ly x 51g)”",SNF,SNF,60MML:2025/MJ109,Viet Nam,2026-06-16,DA_DUYET,,,1968b792-7435-46b7-ae2b-3eb1ab929713
BGTX00372,THUNG,18936034877730,02XX00306,Xúc Xích Heo Cao Bồi Lắc Hương Vị Trứng Muối,"""2,304kg (48 ly x 48g)”",SNF,SNF,59MML:2025/MJ109,Viet Nam,2026-06-16,DA_DUYET,,,e3c278d8-06bf-45e9-9e80-4c35c84f82bf
BGTX00373,THUNG,18936034877716,02XX00307,Xúc Xích Heo Cao Bồi Lắc Hương Vị Thịt Nướng Phô Mai,"""2,0352kg (48 ly x 42,4g)”",SNF,SNF,58MML:2025/MJ109,Viet Nam,2026-06-16,DA_DUYET,,,c2cfabac-4b32-475f-bd6e-f11987386164
BGTX00378,THUNG,18936034879116,02XX00321,BIN&BON XÚC XÍCH DINH DƯỠNG THỊT HEO,"""6,84kg ( 8 ca × 45 cây *19g)”",SNF,SNF,27MML:2026/MJ109,Viet Nam,2026-06-16,DA_DUYET,,,d386242d-3c6a-4871-8fb5-ce7dbc69c5c5
